,dt_start_hour,h3_hexagon_id_start,id
0,0,871f18840ffffff,1.0
1,1,871f18840ffffff,0.0
2,2,871f18840ffffff,0.0
3,3,871f18840ffffff,0.0
4,4,871f18840ffffff,0.0
5,5,871f18840ffffff,0.0
6,6,871f18840ffffff,1.0
7,7,871f18840ffffff,1.0
8,8,871f18840ffffff,1.0
9,9,871f18840ffffff,0.0
10,10,871f18840ffffff,1.0
11,11,871f18840ffffff,1.0
12,12,871f18840ffffff,1.0
13,13,871f18840ffffff,1.0
14,14,871f18840ffffff,1.0
15,15,871f18840ffffff,1.0714285714285714
16,16,871f18840ffffff,1.24
17,17,871f18840ffffff,1.4736842105263157
18,18,871f18840ffffff,1.35
19,19,871f18840ffffff,1.0
20,20,871f18840ffffff,1.25
21,21,871f18840ffffff,0.0
22,22,871f18840ffffff,1.0
23,23,871f18840ffffff,0.0
0,0,,0.0
1,1,,0.0
2,2,,0.0
3,3,,0.0
4,4,871f18841ffffff,1.0
5,5,871f18841ffffff,0.0
6,6,871f18841ffffff,1.0
7,7,871f18841ffffff,1.0
8,8,871f18841ffffff,1.0
9,9,871f18841ffffff,1.0
10,10,871f18841ffffff,1.0
11,11,871f18841ffffff,1.0
12,12,871f18841ffffff,1.0
13,13,871f18841ffffff,1.0
14,14,871f18841ffffff,1.0
15,15,871f18841ffffff,1.0
16,16,871f18841ffffff,1.4
17,17,871f18841ffffff,1.2222222222222223
18,18,871f18841ffffff,1.2592592592592593
19,19,871f18841ffffff,1.2307692307692308
20,20,871f18841ffffff,1.25
21,21,871f18841ffffff,1.0
22,22,871f18841ffffff,1.0
23,23,871f18841ffffff,1.0
0,0,871f18869ffffff,1.6875
1,1,871f18869ffffff,1.5517241379310345
2,2,871f18869ffffff,1.4166666666666667
3,3,871f18869ffffff,1.4166666666666667
4,4,871f18869ffffff,1.6451612903225807
5,5,871f18869ffffff,1.4285714285714286
6,6,871f18869ffffff,1.3157894736842106
7,7,871f18869ffffff,2.020408163265306
8,8,871f18869ffffff,1.9166666666666667
9,9,871f18869ffffff,1.9152542372881356
10,10,871f18869ffffff,2.081967213114754
11,11,871f18869ffffff,2.3733333333333335
12,12,871f18869ffffff,2.036144578313253
13,13,871f18869ffffff,2.7790697674418605
14,14,871f18869ffffff,2.5
15,15,871f18869ffffff,2.8160919540229883
16,16,871f18869ffffff,2.864864864864865
17,17,871f18869ffffff,3.043010752688172
18,18,871f18869ffffff,2.802325581395349
19,19,871f18869ffffff,2.5925925925925926
20,20,871f18869ffffff,1.986842105263158
21,21,871f18869ffffff,1.8428571428571427
22,22,871f18869ffffff,1.75
23,23,871f18869ffffff,1.5625
0,0,871f1886bffffff,1.6333333333333333
1,1,871f1886bffffff,1.2647058823529411
2,2,871f1886bffffff,1.1818181818181819
3,3,871f1886bffffff,1.4
4,4,871f1886bffffff,1.1111111111111112
5,5,871f1886bffffff,1.0588235294117647
6,6,871f1886bffffff,1.25
7,7,871f1886bffffff,1.4210526315789473
8,8,871f1886bffffff,1.4901960784313726
9,9,871f1886bffffff,1.4
10,10,871f1886bffffff,1.2682926829268293
11,11,871f1886bffffff,1.456140350877193
12,12,871f1886bffffff,1.4
13,13,871f1886bffffff,1.5
14,14,871f1886bffffff,1.4736842105263157
15,15,871f1886bffffff,1.5636363636363637
16,16,871f1886bffffff,1.7936507936507937
17,17,871f1886bffffff,1.8095238095238095
18,18,871f1886bffffff,1.8421052631578947
19,19,871f1886bffffff,1.8732394366197183
20,20,871f1886bffffff,1.75
21,21,871f1886bffffff,1.911764705882353
22,22,871f1886bffffff,1.7291666666666667
23,23,871f1886bffffff,1.38
0,0,,0.0
1,1,,0.0
2,2,,0.0
3,3,,0.0
4,4,,0.0
5,5,,0.0
6,6,,0.0
7,7,,0.0
8,8,,0.0
9,9,,0.0
10,10,,0.0
11,11,,0.0
12,12,,0.0
13,13,,0.0
14,14,,0.0
15,15,,0.0
16,16,,0.0
17,17,,0.0
18,18,,0.0
19,19,,0.0
20,20,,0.0
21,21,,0.0
22,22,,0.0
23,23,871f18b01ffffff,1.0
0,0,,0.0
1,1,,0.0
2,2,,0.0
3,3,,0.0
4,4,,0.0
5,5,,0.0
6,6,,0.0
7,7,,0.0
8,8,,0.0
9,9,,0.0
10,10,,0.0
11,11,871f18b02ffffff,1.0
12,12,871f18b02ffffff,0.0
13,13,871f18b02ffffff,0.0
14,14,871f18b02ffffff,0.0
15,15,871f18b02ffffff,0.0
16,16,871f18b02ffffff,0.0
17,17,871f18b02ffffff,0.0
18,18,871f18b02ffffff,0.0
19,19,871f18b02ffffff,0.0
20,20,871f18b02ffffff,0.0
21,21,871f18b02ffffff,0.0
22,22,871f18b02ffffff,0.0
23,23,871f18b02ffffff,0.0
0,0,871f18b04ffffff,1.6481481481481481
1,1,871f18b04ffffff,1.372093023255814
2,2,871f18b04ffffff,1.36
3,3,871f18b04ffffff,1.4054054054054055
4,4,871f18b04ffffff,1.435897435897436
5,5,871f18b04ffffff,1.5
6,6,871f18b04ffffff,1.75
7,7,871f18b04ffffff,1.803030303030303
8,8,871f18b04ffffff,2.1265822784810124
9,9,871f18b04ffffff,1.858974358974359
10,10,871f18b04ffffff,1.957142857142857
11,11,871f18b04ffffff,2.075
12,12,871f18b04ffffff,1.6901408450704225
13,13,871f18b04ffffff,1.9848484848484849
14,14,871f18b04ffffff,2.0405405405405403
15,15,871f18b04ffffff,1.975
16,16,871f18b04ffffff,2.090909090909091
17,17,871f18b04ffffff,2.586206896551724
18,18,871f18b04ffffff,2.75
19,19,871f18b04ffffff,2.5161290322580645
20,20,871f18b04ffffff,2.6129032258064515
21,21,871f18b04ffffff,1.9529411764705882
22,22,871f18b04ffffff,1.9870129870129871
23,23,871f18b04ffffff,1.8307692307692307
0,0,,0.0
1,1,,0.0
2,2,,0.0
3,3,,0.0
4,4,,0.0
5,5,,0.0
6,6,,0.0
7,7,,0.0
8,8,,0.0
9,9,,0.0
10,10,871f18b05ffffff,1.0
11,11,871f18b05ffffff,0.0
12,12,871f18b05ffffff,0.0
13,13,871f18b05ffffff,0.0
14,14,871f18b05ffffff,0.0
15,15,871f18b05ffffff,0.0
16,16,871f18b05ffffff,0.0
17,17,871f18b05ffffff,0.0
18,18,871f18b05ffffff,0.0
19,19,871f18b05ffffff,0.0
20,20,871f18b05ffffff,0.0
21,21,871f18b05ffffff,0.0
22,22,871f18b05ffffff,0.0
23,23,871f18b05ffffff,0.0
0,0,871f18b06ffffff,1.25
1,1,871f18b06ffffff,1.2222222222222223
2,2,871f18b06ffffff,1.0
3,3,871f18b06ffffff,1.0
4,4,871f18b06ffffff,1.0
5,5,871f18b06ffffff,1.1904761904761905
6,6,871f18b06ffffff,1.0625
7,7,871f18b06ffffff,1.1333333333333333
8,8,871f18b06ffffff,1.1785714285714286
9,9,871f18b06ffffff,1.2142857142857142
10,10,871f18b06ffffff,1.2333333333333334
11,11,871f18b06ffffff,1.1153846153846154
12,12,871f18b06ffffff,1.1818181818181819
13,13,871f18b06ffffff,1.2432432432432432
14,14,871f18b06ffffff,1.2903225806451613
15,15,871f18b06ffffff,1.25
16,16,871f18b06ffffff,1.3333333333333333
17,17,871f18b06ffffff,1.2702702702702702
18,18,871f18b06ffffff,1.2083333333333333
19,19,871f18b06ffffff,1.0714285714285714
20,20,871f18b06ffffff,1.0
21,21,871f18b06ffffff,1.0555555555555556
22,22,871f18b06ffffff,1.04
23,23,871f18b06ffffff,1.0
0,0,871f18b0bffffff,3.4210526315789473
1,1,871f18b0bffffff,3.0
2,2,871f18b0bffffff,1.6666666666666667
3,3,871f18b0bffffff,2.25
4,4,871f18b0bffffff,2.0
5,5,871f18b0bffffff,1.1428571428571428
6,6,871f18b0bffffff,1.0769230769230769
7,7,871f18b0bffffff,1.24
8,8,871f18b0bffffff,1.1363636363636365
9,9,871f18b0bffffff,1.7241379310344827
10,10,871f18b0bffffff,2.54320987654321
11,11,871f18b0bffffff,2.7023809523809526
12,12,871f18b0bffffff,2.0555555555555554
13,13,871f18b0bffffff,2.3835616438356166
14,14,871f18b0bffffff,1.8783783783783783
15,15,871f18b0bffffff,2.014705882352941
16,16,871f18b0bffffff,1.706896551724138
17,17,871f18b0bffffff,2.08
18,18,871f18b0bffffff,3.1857142857142855
19,19,871f18b0bffffff,2.915492957746479
20,20,871f18b0bffffff,3.109090909090909
21,21,871f18b0bffffff,4.112676056338028
22,22,871f18b0bffffff,6.0
23,23,871f18b0bffffff,5.044444444444444
0,0,871f18b0dffffff,1.3513513513513513
1,1,871f18b0dffffff,1.1333333333333333
2,2,871f18b0dffffff,1.2352941176470589
3,3,871f18b0dffffff,1.2777777777777777
4,4,871f18b0dffffff,1.2142857142857142
5,5,871f18b0dffffff,1.3181818181818181
6,6,871f18b0dffffff,1.2954545454545454
7,7,871f18b0dffffff,1.3392857142857142
8,8,871f18b0dffffff,1.6164383561643836
9,9,871f18b0dffffff,1.7391304347826086
10,10,871f18b0dffffff,1.7534246575342465
11,11,871f18b0dffffff,1.8026315789473684
12,12,871f18b0dffffff,2.0
13,13,871f18b0dffffff,2.3552631578947367
14,14,871f18b0dffffff,2.388235294117647
15,15,871f18b0dffffff,2.988372093023256
16,16,871f18b0dffffff,3.022727272727273
17,17,871f18b0dffffff,2.602272727272727
18,18,871f18b0dffffff,2.5833333333333335
19,19,871f18b0dffffff,1.9466666666666668
20,20,871f18b0dffffff,1.8076923076923077
21,21,871f18b0dffffff,1.6274509803921569
22,22,871f18b0dffffff,1.5396825396825398
23,23,871f18b0dffffff,1.7903225806451613
0,0,871f18b20ffffff,1.4166666666666667
1,1,871f18b20ffffff,1.5172413793103448
2,2,871f18b20ffffff,1.25
3,3,871f18b20ffffff,1.32
4,4,871f18b20ffffff,1.2413793103448276
5,5,871f18b20ffffff,1.4067796610169492
6,6,871f18b20ffffff,1.8135593220338984
7,7,871f18b20ffffff,1.8
8,8,871f18b20ffffff,2.0303030303030303
9,9,871f18b20ffffff,1.6571428571428573
10,10,871f18b20ffffff,1.7534246575342465
11,11,871f18b20ffffff,1.7625
12,12,871f18b20ffffff,1.8169014084507042
13,13,871f18b20ffffff,1.9875
14,14,871f18b20ffffff,2.2209302325581395
15,15,871f18b20ffffff,2.2195121951219514
16,16,871f18b20ffffff,2.465909090909091
17,17,871f18b20ffffff,2.630434782608696
18,18,871f18b20ffffff,2.688888888888889
19,19,871f18b20ffffff,2.2527472527472527
20,20,871f18b20ffffff,2.2278481012658227
21,21,871f18b20ffffff,1.9047619047619047
22,22,871f18b20ffffff,2.1728395061728394
23,23,871f18b20ffffff,1.6875
0,0,871f18b21ffffff,8.49
1,1,871f18b21ffffff,5.6063829787234045
2,2,871f18b21ffffff,4.068181818181818
3,3,871f18b21ffffff,2.870967741935484
4,4,871f18b21ffffff,3.7938144329896906
5,5,871f18b21ffffff,4.134020618556701
6,6,871f18b21ffffff,5.387755102040816
7,7,871f18b21ffffff,7.46
8,8,871f18b21ffffff,8.53
9,9,871f18b21ffffff,7.05
10,10,871f18b21ffffff,7.18
11,11,871f18b21ffffff,7.020408163265306
12,12,871f18b21ffffff,7.303030303030303
13,13,871f18b21ffffff,7.6
14,14,871f18b21ffffff,8.32
15,15,871f18b21ffffff,8.465346534653465
16,16,871f18b21ffffff,9.72
17,17,871f18b21ffffff,11.39
18,18,871f18b21ffffff,13.564356435643564
19,19,871f18b21ffffff,15.455445544554456
20,20,871f18b21ffffff,14.425742574257425
21,21,871f18b21ffffff,13.96
22,22,871f18b21ffffff,12.603960396039604
23,23,871f18b21ffffff,10.099009900990099
0,0,871f18b22ffffff,2.4942528735632186
1,1,871f18b22ffffff,2.1492537313432836
2,2,871f18b22ffffff,1.7659574468085106
3,3,871f18b22ffffff,1.8644067796610169
4,4,871f18b22ffffff,2.013333333333333
5,5,871f18b22ffffff,3.5652173913043477
6,6,871f18b22ffffff,3.642105263157895
7,7,871f18b22ffffff,5.216494845360825
8,8,871f18b22ffffff,5.635416666666667
9,9,871f18b22ffffff,4.32
10,10,871f18b22ffffff,4.181818181818182
11,11,871f18b22ffffff,3.9183673469387754
12,12,871f18b22ffffff,5.09375
13,13,871f18b22ffffff,4.888888888888889
14,14,871f18b22ffffff,5.1020408163265305
15,15,871f18b22ffffff,5.41
16,16,871f18b22ffffff,5.595959595959596
17,17,871f18b22ffffff,5.801980198019802
18,18,871f18b22ffffff,6.752475247524752
19,19,871f18b22ffffff,6.1
20,20,871f18b22ffffff,5.03960396039604
21,21,871f18b22ffffff,4.87
22,22,871f18b22ffffff,4.701030927835052
23,23,871f18b22ffffff,3.0306122448979593
0,0,871f18b23ffffff,1.411764705882353
1,1,871f18b23ffffff,1.2307692307692308
2,2,871f18b23ffffff,1.2916666666666667
3,3,871f18b23ffffff,1.2439024390243902
4,4,871f18b23ffffff,1.3902439024390243
5,5,871f18b23ffffff,1.5517241379310345
6,6,871f18b23ffffff,1.5
7,7,871f18b23ffffff,2.0921052631578947
8,8,871f18b23ffffff,2.4523809523809526
9,9,871f18b23ffffff,2.2857142857142856
10,10,871f18b23ffffff,2.090909090909091
11,11,871f18b23ffffff,2.037037037037037
12,12,871f18b23ffffff,2.1923076923076925
13,13,871f18b23ffffff,2.1
14,14,871f18b23ffffff,2.175
15,15,871f18b23ffffff,2.369047619047619
16,16,871f18b23ffffff,2.404494382022472
17,17,871f18b23ffffff,2.2531645569620253
18,18,871f18b23ffffff,2.125
19,19,871f18b23ffffff,2.013157894736842
20,20,871f18b23ffffff,1.7721518987341771
21,21,871f18b23ffffff,1.8823529411764706
22,22,871f18b23ffffff,1.7313432835820894
23,23,871f18b23ffffff,1.4313725490196079
0,0,871f18b24ffffff,6.29
1,1,871f18b24ffffff,4.322916666666667
2,2,871f18b24ffffff,3.3164556962025316
3,3,871f18b24ffffff,2.623529411764706
4,4,871f18b24ffffff,2.707317073170732
5,5,871f18b24ffffff,3.4680851063829787
6,6,871f18b24ffffff,4.293478260869565
7,7,871f18b24ffffff,7.0606060606060606
8,8,871f18b24ffffff,7.71
9,9,871f18b24ffffff,7.37
10,10,871f18b24ffffff,7.17
11,11,871f18b24ffffff,8.535353535353535
12,12,871f18b24ffffff,8.94
13,13,871f18b24ffffff,8.92
14,14,871f18b24ffffff,10.158415841584159
15,15,871f18b24ffffff,11.0
16,16,871f18b24ffffff,11.94
17,17,871f18b24ffffff,13.702970297029703
18,18,871f18b24ffffff,16.504950495049506
19,19,871f18b24ffffff,16.801980198019802
20,20,871f18b24ffffff,14.910891089108912
21,21,871f18b24ffffff,13.77
22,22,871f18b24ffffff,13.485148514851485
23,23,871f18b24ffffff,9.118811881188119
0,0,871f18b25ffffff,7.44
1,1,871f18b25ffffff,5.571428571428571
2,2,871f18b25ffffff,3.247311827956989
3,3,871f18b25ffffff,2.8
4,4,871f18b25ffffff,2.602272727272727
5,5,871f18b25ffffff,3.7938144329896906
6,6,871f18b25ffffff,5.626262626262626
7,7,871f18b25ffffff,7.42
8,8,871f18b25ffffff,8.262626262626263
9,9,871f18b25ffffff,9.58
10,10,871f18b25ffffff,8.79
11,11,871f18b25ffffff,10.343434343434344
12,12,871f18b25ffffff,10.68
13,13,871f18b25ffffff,11.48
14,14,871f18b25ffffff,13.198019801980198
15,15,871f18b25ffffff,12.801980198019802
16,16,871f18b25ffffff,14.2
17,17,871f18b25ffffff,15.485148514851485
18,18,871f18b25ffffff,18.88118811881188
19,19,871f18b25ffffff,19.792079207920793
20,20,871f18b25ffffff,18.584158415841586
21,21,871f18b25ffffff,16.98
22,22,871f18b25ffffff,15.009900990099009
23,23,871f18b25ffffff,11.158415841584159
0,0,871f18b26ffffff,1.9375
1,1,871f18b26ffffff,1.5660377358490567
2,2,871f18b26ffffff,1.2352941176470589
3,3,871f18b26ffffff,1.4285714285714286
4,4,871f18b26ffffff,1.4
5,5,871f18b26ffffff,1.8142857142857143
6,6,871f18b26ffffff,2.211764705882353
7,7,871f18b26ffffff,4.0
8,8,871f18b26ffffff,5.747368421052632
9,9,871f18b26ffffff,5.1020408163265305
10,10,871f18b26ffffff,4.252525252525253
11,11,871f18b26ffffff,4.63265306122449
12,12,871f18b26ffffff,5.37
13,13,871f18b26ffffff,6.08
14,14,871f18b26ffffff,5.9
15,15,871f18b26ffffff,6.1
16,16,871f18b26ffffff,6.585858585858586
17,17,871f18b26ffffff,6.59
18,18,871f18b26ffffff,6.03030303030303
19,19,871f18b26ffffff,5.224489795918367
20,20,871f18b26ffffff,4.554455445544554
21,21,871f18b26ffffff,4.404040404040404
22,22,871f18b26ffffff,3.4895833333333335
23,23,871f18b26ffffff,2.2048192771084336
0,0,871f18b29ffffff,1.16
1,1,871f18b29ffffff,1.1333333333333333
2,2,871f18b29ffffff,1.5454545454545454
3,3,871f18b29ffffff,1.0
4,4,871f18b29ffffff,1.375
5,5,871f18b29ffffff,1.4736842105263157
6,6,871f18b29ffffff,1.25
7,7,871f18b29ffffff,1.3181818181818181
8,8,871f18b29ffffff,1.3191489361702127
9,9,871f18b29ffffff,1.4615384615384615
10,10,871f18b29ffffff,1.3043478260869565
11,11,871f18b29ffffff,1.3793103448275863
12,12,871f18b29ffffff,1.4098360655737705
13,13,871f18b29ffffff,1.5789473684210527
14,14,871f18b29ffffff,1.4791666666666667
15,15,871f18b29ffffff,1.7234042553191489
16,16,871f18b29ffffff,1.44
17,17,871f18b29ffffff,1.6382978723404256
18,18,871f18b29ffffff,1.5555555555555556
19,19,871f18b29ffffff,1.3043478260869565
20,20,871f18b29ffffff,1.574468085106383
21,21,871f18b29ffffff,1.34
22,22,871f18b29ffffff,1.1935483870967742
23,23,871f18b29ffffff,1.4482758620689655
0,0,,0.0
1,1,,0.0
2,2,,0.0
3,3,,0.0
4,4,,0.0
5,5,,0.0
6,6,,0.0
7,7,,0.0
8,8,,0.0
9,9,,0.0
10,10,,0.0
11,11,,0.0
12,12,,0.0
13,13,,0.0
14,14,,0.0
15,15,,0.0
16,16,,0.0
17,17,,0.0
18,18,,0.0
19,19,,0.0
20,20,,0.0
21,21,,0.0
22,22,871f18b2affffff,1.0
23,23,871f18b2affffff,0.0
0,0,871f18b2cffffff,2.2564102564102564
1,1,871f18b2cffffff,1.8070175438596492
2,2,871f18b2cffffff,1.4821428571428572
3,3,871f18b2cffffff,1.9787234042553192
4,4,871f18b2cffffff,2.1791044776119404
5,5,871f18b2cffffff,2.032258064516129
6,6,871f18b2cffffff,2.014925373134328
7,7,871f18b2cffffff,2.8636363636363638
8,8,871f18b2cffffff,4.416666666666667
9,9,871f18b2cffffff,3.1
10,10,871f18b2cffffff,2.5113636363636362
11,11,871f18b2cffffff,2.681318681318681
12,12,871f18b2cffffff,2.7142857142857144
13,13,871f18b2cffffff,3.032967032967033
14,14,871f18b2cffffff,2.831460674157303
15,15,871f18b2cffffff,2.913978494623656
16,16,871f18b2cffffff,3.210526315789474
17,17,871f18b2cffffff,3.4175824175824174
18,18,871f18b2cffffff,4.424242424242424
19,19,871f18b2cffffff,4.435643564356436
20,20,871f18b2cffffff,3.8469387755102042
21,21,871f18b2cffffff,3.2421052631578946
22,22,871f18b2cffffff,2.7916666666666665
23,23,871f18b2cffffff,2.5595238095238093
0,0,871f18b2dffffff,1.7777777777777777
1,1,871f18b2dffffff,1.0
2,2,871f18b2dffffff,1.25
3,3,871f18b2dffffff,2.6666666666666665
4,4,871f18b2dffffff,1.25
5,5,871f18b2dffffff,1.2
6,6,871f18b2dffffff,1.0
7,7,871f18b2dffffff,1.0
8,8,871f18b2dffffff,1.0833333333333333
9,9,871f18b2dffffff,1.2941176470588236
10,10,871f18b2dffffff,1.5294117647058822
11,11,871f18b2dffffff,1.4285714285714286
12,12,871f18b2dffffff,1.1363636363636365
13,13,871f18b2dffffff,1.206896551724138
14,14,871f18b2dffffff,1.5
15,15,871f18b2dffffff,1.3428571428571427
16,16,871f18b2dffffff,1.3658536585365855
17,17,871f18b2dffffff,1.44
18,18,871f18b2dffffff,1.5813953488372092
19,19,871f18b2dffffff,1.53125
20,20,871f18b2dffffff,1.4
21,21,871f18b2dffffff,1.4210526315789473
22,22,871f18b2dffffff,1.4137931034482758
23,23,871f18b2dffffff,1.375
0,0,871f18b2effffff,1.95
1,1,871f18b2effffff,1.75
2,2,871f18b2effffff,1.6376811594202898
3,3,871f18b2effffff,2.173076923076923
4,4,871f18b2effffff,2.5135135135135136
5,5,871f18b2effffff,2.3780487804878048
6,6,871f18b2effffff,2.15
7,7,871f18b2effffff,3.32967032967033
8,8,871f18b2effffff,4.0
9,9,871f18b2effffff,3.8210526315789473
10,10,871f18b2effffff,3.5531914893617023
11,11,871f18b2effffff,3.4583333333333335
12,12,871f18b2effffff,3.8842105263157896
13,13,871f18b2effffff,3.2653061224489797
14,14,871f18b2effffff,3.8686868686868685
15,15,871f18b2effffff,3.1808510638297873
16,16,871f18b2effffff,3.3402061855670104
17,17,871f18b2effffff,3.6530612244897958
18,18,871f18b2effffff,3.7653061224489797
19,19,871f18b2effffff,3.989795918367347
20,20,871f18b2effffff,3.6808510638297873
21,21,871f18b2effffff,3.010752688172043
22,22,871f18b2effffff,2.7755102040816326
23,23,871f18b2effffff,2.3076923076923075
0,0,871f18b30ffffff,1.0
1,1,871f18b30ffffff,1.2727272727272727
2,2,871f18b30ffffff,1.0
3,3,871f18b30ffffff,1.0
4,4,871f18b30ffffff,0.0
5,5,871f18b30ffffff,1.0
6,6,871f18b30ffffff,1.206896551724138
7,7,871f18b30ffffff,1.3461538461538463
8,8,871f18b30ffffff,1.0588235294117647
9,9,871f18b30ffffff,1.125
10,10,871f18b30ffffff,1.1935483870967742
11,11,871f18b30ffffff,1.1428571428571428
12,12,871f18b30ffffff,1.1111111111111112
13,13,871f18b30ffffff,1.2380952380952381
14,14,871f18b30ffffff,1.3548387096774193
15,15,871f18b30ffffff,1.263157894736842
16,16,871f18b30ffffff,1.25
17,17,871f18b30ffffff,1.1794871794871795
18,18,871f18b30ffffff,1.1153846153846154
19,19,871f18b30ffffff,1.2894736842105263
20,20,871f18b30ffffff,1.2413793103448276
21,21,871f18b30ffffff,1.1142857142857143
22,22,871f18b30ffffff,1.1153846153846154
23,23,871f18b30ffffff,1.0
0,0,871f18b31ffffff,1.0
1,1,871f18b31ffffff,1.0
2,2,871f18b31ffffff,1.0
3,3,871f18b31ffffff,1.2
4,4,871f18b31ffffff,1.1764705882352942
5,5,871f18b31ffffff,1.0
6,6,871f18b31ffffff,1.2647058823529411
7,7,871f18b31ffffff,1.4318181818181819
8,8,871f18b31ffffff,1.4042553191489362
9,9,871f18b31ffffff,1.4893617021276595
10,10,871f18b31ffffff,1.4634146341463414
11,11,871f18b31ffffff,1.2727272727272727
12,12,871f18b31ffffff,1.3243243243243243
13,13,871f18b31ffffff,1.4137931034482758
14,14,871f18b31ffffff,1.1304347826086956
15,15,871f18b31ffffff,1.1891891891891893
16,16,871f18b31ffffff,1.4102564102564104
17,17,871f18b31ffffff,1.225
18,18,871f18b31ffffff,1.3823529411764706
19,19,871f18b31ffffff,1.3409090909090908
20,20,871f18b31ffffff,1.1842105263157894
21,21,871f18b31ffffff,1.2608695652173914
22,22,871f18b31ffffff,1.1764705882352942
23,23,871f18b31ffffff,1.0
0,0,871f18b34ffffff,1.8717948717948718
1,1,871f18b34ffffff,1.75
2,2,871f18b34ffffff,1.7045454545454546
3,3,871f18b34ffffff,1.4
4,4,871f18b34ffffff,1.3898305084745763
5,5,871f18b34ffffff,2.0853658536585367
6,6,871f18b34ffffff,2.5180722891566263
7,7,871f18b34ffffff,4.431818181818182
8,8,871f18b34ffffff,5.793814432989691
9,9,871f18b34ffffff,4.505154639175258
10,10,871f18b34ffffff,3.979591836734694
11,11,871f18b34ffffff,4.416666666666667
12,12,871f18b34ffffff,3.95959595959596
13,13,871f18b34ffffff,4.731958762886598
14,14,871f18b34ffffff,5.46
15,15,871f18b34ffffff,5.434343434343434
16,16,871f18b34ffffff,5.81
17,17,871f18b34ffffff,6.366336633663367
18,18,871f18b34ffffff,6.623762376237623
19,19,871f18b34ffffff,5.891089108910891
20,20,871f18b34ffffff,4.871287128712871
21,21,871f18b34ffffff,4.090909090909091
22,22,871f18b34ffffff,3.15625
23,23,871f18b34ffffff,2.2261904761904763
0,0,871f18b35ffffff,2.7613636363636362
1,1,871f18b35ffffff,1.953125
2,2,871f18b35ffffff,2.111111111111111
3,3,871f18b35ffffff,1.9047619047619047
4,4,871f18b35ffffff,2.126984126984127
5,5,871f18b35ffffff,3.510869565217391
6,6,871f18b35ffffff,4.075268817204301
7,7,871f18b35ffffff,6.316326530612245
8,8,871f18b35ffffff,5.412371134020619
9,9,871f18b35ffffff,4.173469387755102
10,10,871f18b35ffffff,3.797872340425532
11,11,871f18b35ffffff,3.6979166666666665
12,12,871f18b35ffffff,4.130434782608695
13,13,871f18b35ffffff,4.0
14,14,871f18b35ffffff,4.242424242424242
15,15,871f18b35ffffff,4.623762376237623
16,16,871f18b35ffffff,4.91
17,17,871f18b35ffffff,6.099009900990099
18,18,871f18b35ffffff,6.08080808080808
19,19,871f18b35ffffff,6.1683168316831685
20,20,871f18b35ffffff,4.97
21,21,871f18b35ffffff,4.51
22,22,871f18b35ffffff,3.6391752577319587
23,23,871f18b35ffffff,3.0681818181818183
0,0,871f18b36ffffff,1.0909090909090908
1,1,871f18b36ffffff,1.0
2,2,871f18b36ffffff,1.3333333333333333
3,3,871f18b36ffffff,1.0
4,4,871f18b36ffffff,1.0
5,5,871f18b36ffffff,1.0666666666666667
6,6,871f18b36ffffff,1.0
7,7,871f18b36ffffff,1.24
8,8,871f18b36ffffff,1.4
9,9,871f18b36ffffff,1.263157894736842
10,10,871f18b36ffffff,1.0
11,11,871f18b36ffffff,1.1818181818181819
12,12,871f18b36ffffff,1.05
13,13,871f18b36ffffff,1.0909090909090908
14,14,871f18b36ffffff,1.1
15,15,871f18b36ffffff,1.173913043478261
16,16,871f18b36ffffff,1.16
17,17,871f18b36ffffff,1.3
18,18,871f18b36ffffff,1.4
19,19,871f18b36ffffff,1.1333333333333333
20,20,871f18b36ffffff,1.173913043478261
21,21,871f18b36ffffff,1.2105263157894737
22,22,871f18b36ffffff,1.0
23,23,871f18b36ffffff,1.3333333333333333
0,0,871f18b72ffffff,1.3636363636363635
1,1,871f18b72ffffff,1.0
2,2,871f18b72ffffff,1.0
3,3,871f18b72ffffff,1.0
4,4,871f18b72ffffff,1.0
5,5,871f18b72ffffff,1.0
6,6,871f18b72ffffff,1.0
7,7,871f18b72ffffff,1.0
8,8,871f18b72ffffff,1.2222222222222223
9,9,871f18b72ffffff,1.1
10,10,871f18b72ffffff,1.125
11,11,871f18b72ffffff,1.1538461538461537
12,12,871f18b72ffffff,1.1333333333333333
13,13,871f18b72ffffff,1.25
14,14,871f18b72ffffff,1.3846153846153846
15,15,871f18b72ffffff,1.4814814814814814
16,16,871f18b72ffffff,1.608695652173913
17,17,871f18b72ffffff,1.4615384615384615
18,18,871f18b72ffffff,1.5172413793103448
19,19,871f18b72ffffff,1.1666666666666667
20,20,871f18b72ffffff,1.25
21,21,871f18b72ffffff,1.3333333333333333
22,22,871f18b72ffffff,1.2
23,23,871f18b72ffffff,1.1
0,0,,0.0
1,1,,0.0
2,2,,0.0
3,3,,0.0
4,4,,0.0
5,5,,0.0
6,6,,0.0
7,7,871f18b76ffffff,1.0
8,8,871f18b76ffffff,1.0
9,9,871f18b76ffffff,1.0
10,10,871f18b76ffffff,1.0
11,11,871f18b76ffffff,1.0
12,12,871f18b76ffffff,1.0
13,13,871f18b76ffffff,1.0
14,14,871f18b76ffffff,1.0
15,15,871f18b76ffffff,1.0
16,16,871f18b76ffffff,1.0
17,17,871f18b76ffffff,1.0
18,18,871f18b76ffffff,1.0
19,19,871f18b76ffffff,1.0
20,20,871f18b76ffffff,0.0
21,21,871f18b76ffffff,1.0
22,22,871f18b76ffffff,0.0
23,23,871f18b76ffffff,1.0
0,0,,0.0
1,1,,0.0
2,2,,0.0
3,3,,0.0
4,4,,0.0
5,5,,0.0
6,6,,0.0
7,7,,0.0
8,8,,0.0
9,9,,0.0
10,10,,0.0
11,11,871f1d413ffffff,1.0
12,12,871f1d413ffffff,0.0
13,13,871f1d413ffffff,0.0
14,14,871f1d413ffffff,0.0
15,15,871f1d413ffffff,0.0
16,16,871f1d413ffffff,0.0
17,17,871f1d413ffffff,0.0
18,18,871f1d413ffffff,0.0
19,19,871f1d413ffffff,0.0
20,20,871f1d413ffffff,0.0
21,21,871f1d413ffffff,0.0
22,22,871f1d413ffffff,0.0
23,23,871f1d413ffffff,0.0
0,0,871f1d41bffffff,1.0
1,1,871f1d41bffffff,1.0
2,2,871f1d41bffffff,0.0
3,3,871f1d41bffffff,1.0
4,4,871f1d41bffffff,1.6666666666666667
5,5,871f1d41bffffff,1.0
6,6,871f1d41bffffff,0.0
7,7,871f1d41bffffff,0.0
8,8,871f1d41bffffff,1.0
9,9,871f1d41bffffff,1.0
10,10,871f1d41bffffff,1.25
11,11,871f1d41bffffff,1.0
12,12,871f1d41bffffff,1.0
13,13,871f1d41bffffff,0.0
14,14,871f1d41bffffff,1.0
15,15,871f1d41bffffff,1.0
16,16,871f1d41bffffff,1.0
17,17,871f1d41bffffff,1.0
18,18,871f1d41bffffff,1.0
19,19,871f1d41bffffff,1.0
20,20,871f1d41bffffff,0.0
21,21,871f1d41bffffff,1.0
22,22,871f1d41bffffff,1.0
23,23,871f1d41bffffff,0.0
0,0,871f1d480ffffff,1.4166666666666667
1,1,871f1d480ffffff,1.2
2,2,871f1d480ffffff,1.125
3,3,871f1d480ffffff,1.0909090909090908
4,4,871f1d480ffffff,1.0
5,5,871f1d480ffffff,1.12
6,6,871f1d480ffffff,1.3043478260869565
7,7,871f1d480ffffff,1.1481481481481481
8,8,871f1d480ffffff,1.425531914893617
9,9,871f1d480ffffff,1.5777777777777777
10,10,871f1d480ffffff,1.3448275862068966
11,11,871f1d480ffffff,1.4042553191489362
12,12,871f1d480ffffff,1.3777777777777778
13,13,871f1d480ffffff,1.3846153846153846
14,14,871f1d480ffffff,1.4523809523809523
15,15,871f1d480ffffff,1.36
16,16,871f1d480ffffff,1.3396226415094339
17,17,871f1d480ffffff,1.2830188679245282
18,18,871f1d480ffffff,1.434782608695652
19,19,871f1d480ffffff,1.2127659574468086
20,20,871f1d480ffffff,1.2666666666666666
21,21,871f1d480ffffff,1.3148148148148149
22,22,871f1d480ffffff,1.4146341463414633
23,23,871f1d480ffffff,1.135135135135135
0,0,871f1d481ffffff,1.4
1,1,871f1d481ffffff,1.3636363636363635
2,2,871f1d481ffffff,1.56
3,3,871f1d481ffffff,1.2222222222222223
4,4,871f1d481ffffff,1.3225806451612903
5,5,871f1d481ffffff,1.170731707317073
6,6,871f1d481ffffff,1.8208955223880596
7,7,871f1d481ffffff,3.1325301204819276
8,8,871f1d481ffffff,3.0786516853932584
9,9,871f1d481ffffff,2.6666666666666665
10,10,871f1d481ffffff,2.272727272727273
11,11,871f1d481ffffff,2.2
12,12,871f1d481ffffff,2.3132530120481927
13,13,871f1d481ffffff,2.6222222222222222
14,14,871f1d481ffffff,2.7674418604651163
15,15,871f1d481ffffff,2.6
16,16,871f1d481ffffff,2.9789473684210526
17,17,871f1d481ffffff,2.8541666666666665
18,18,871f1d481ffffff,3.4347826086956523
19,19,871f1d481ffffff,2.5384615384615383
20,20,871f1d481ffffff,2.116279069767442
21,21,871f1d481ffffff,2.367088607594937
22,22,871f1d481ffffff,2.3529411764705883
23,23,871f1d481ffffff,1.6363636363636365
0,0,871f1d482ffffff,2.36
1,1,871f1d482ffffff,1.8297872340425532
2,2,871f1d482ffffff,1.511111111111111
3,3,871f1d482ffffff,1.864864864864865
4,4,871f1d482ffffff,1.3414634146341464
5,5,871f1d482ffffff,1.974025974025974
6,6,871f1d482ffffff,2.2278481012658227
7,7,871f1d482ffffff,4.080459770114943
8,8,871f1d482ffffff,4.416666666666667
9,9,871f1d482ffffff,3.875
10,10,871f1d482ffffff,3.6530612244897958
11,11,871f1d482ffffff,4.173469387755102
12,12,871f1d482ffffff,4.454545454545454
13,13,871f1d482ffffff,4.23469387755102
14,14,871f1d482ffffff,4.752577319587629
15,15,871f1d482ffffff,4.747474747474747
16,16,871f1d482ffffff,4.787878787878788
17,17,871f1d482ffffff,5.153061224489796
18,18,871f1d482ffffff,5.346534653465347
19,19,871f1d482ffffff,5.0
20,20,871f1d482ffffff,4.383838383838384
21,21,871f1d482ffffff,4.010416666666667
22,22,871f1d482ffffff,4.125
23,23,871f1d482ffffff,2.865168539325843
0,0,871f1d483ffffff,3.98989898989899
1,1,871f1d483ffffff,2.782608695652174
2,2,871f1d483ffffff,2.3684210526315788
3,3,871f1d483ffffff,2.227272727272727
4,4,871f1d483ffffff,2.2804878048780486
5,5,871f1d483ffffff,3.3010752688172045
6,6,871f1d483ffffff,5.393939393939394
7,7,871f1d483ffffff,8.164948453608247
8,8,871f1d483ffffff,7.91
9,9,871f1d483ffffff,7.656565656565657
10,10,871f1d483ffffff,6.97979797979798
11,11,871f1d483ffffff,8.18
12,12,871f1d483ffffff,8.37
13,13,871f1d483ffffff,8.82
14,14,871f1d483ffffff,10.099009900990099
15,15,871f1d483ffffff,10.950495049504951
16,16,871f1d483ffffff,12.19
17,17,871f1d483ffffff,13.801980198019802
18,18,871f1d483ffffff,15.475247524752476
19,19,871f1d483ffffff,14.21
20,20,871f1d483ffffff,11.782178217821782
21,21,871f1d483ffffff,10.76
22,22,871f1d483ffffff,8.722772277227723
23,23,871f1d483ffffff,5.792079207920792
0,0,871f1d485ffffff,3.0
1,1,871f1d485ffffff,5.0
2,2,871f1d485ffffff,2.0
3,3,871f1d485ffffff,1.5
4,4,871f1d485ffffff,2.6666666666666665
5,5,871f1d485ffffff,1.3125
6,6,871f1d485ffffff,1.25
7,7,871f1d485ffffff,3.7176470588235295
8,8,871f1d485ffffff,5.608247422680412
9,9,871f1d485ffffff,6.642857142857143
10,10,871f1d485ffffff,7.18
11,11,871f1d485ffffff,5.287234042553192
12,12,871f1d485ffffff,6.88
13,13,871f1d485ffffff,5.173469387755102
14,14,871f1d485ffffff,4.626262626262626
15,15,871f1d485ffffff,5.714285714285714
16,16,871f1d485ffffff,6.938775510204081
17,17,871f1d485ffffff,5.381443298969073
18,18,871f1d485ffffff,6.32258064516129
19,19,871f1d485ffffff,7.22093023255814
20,20,871f1d485ffffff,4.5588235294117645
21,21,871f1d485ffffff,3.9655172413793105
22,22,871f1d485ffffff,4.733333333333333
23,23,871f1d485ffffff,2.7142857142857144
0,0,871f1d486ffffff,1.434782608695652
1,1,871f1d486ffffff,1.0769230769230769
2,2,871f1d486ffffff,1.4
3,3,871f1d486ffffff,1.0
4,4,871f1d486ffffff,1.0
5,5,871f1d486ffffff,1.0769230769230769
6,6,871f1d486ffffff,1.1428571428571428
7,7,871f1d486ffffff,1.05
8,8,871f1d486ffffff,1.3076923076923077
9,9,871f1d486ffffff,1.1481481481481481
10,10,871f1d486ffffff,1.25
11,11,871f1d486ffffff,1.15
12,12,871f1d486ffffff,1.12
13,13,871f1d486ffffff,1.2903225806451613
14,14,871f1d486ffffff,1.1818181818181819
15,15,871f1d486ffffff,1.1875
16,16,871f1d486ffffff,1.2121212121212122
17,17,871f1d486ffffff,1.1714285714285715
18,18,871f1d486ffffff,1.2
19,19,871f1d486ffffff,1.0
20,20,871f1d486ffffff,1.1333333333333333
21,21,871f1d486ffffff,1.2857142857142858
22,22,871f1d486ffffff,1.15
23,23,871f1d486ffffff,1.3636363636363635
0,0,871f1d488ffffff,3.9693877551020407
1,1,871f1d488ffffff,2.72972972972973
2,2,871f1d488ffffff,2.1470588235294117
3,3,871f1d488ffffff,1.4259259259259258
4,4,871f1d488ffffff,1.4912280701754386
5,5,871f1d488ffffff,1.9342105263157894
6,6,871f1d488ffffff,3.0434782608695654
7,7,871f1d488ffffff,7.276595744680851
8,8,871f1d488ffffff,12.828282828282829
9,9,871f1d488ffffff,12.86
10,10,871f1d488ffffff,11.72
11,11,871f1d488ffffff,13.33
12,12,871f1d488ffffff,15.25
13,13,871f1d488ffffff,16.1
14,14,871f1d488ffffff,16.782178217821784
15,15,871f1d488ffffff,17.594059405940595
16,16,871f1d488ffffff,17.96
17,17,871f1d488ffffff,18.504950495049506
18,18,871f1d488ffffff,15.871287128712872
19,19,871f1d488ffffff,13.336633663366337
20,20,871f1d488ffffff,11.089108910891088
21,21,871f1d488ffffff,9.29
22,22,871f1d488ffffff,7.737373737373737
23,23,871f1d488ffffff,5.31
0,0,871f1d489ffffff,9.663366336633663
1,1,871f1d489ffffff,6.595959595959596
2,2,871f1d489ffffff,4.34065934065934
3,3,871f1d489ffffff,2.9743589743589745
4,4,871f1d489ffffff,2.630952380952381
5,5,871f1d489ffffff,2.8735632183908044
6,6,871f1d489ffffff,4.282608695652174
7,7,871f1d489ffffff,9.62
8,8,871f1d489ffffff,16.85
9,9,871f1d489ffffff,18.67
10,10,871f1d489ffffff,18.4
11,11,871f1d489ffffff,20.333333333333332
12,12,871f1d489ffffff,22.31
13,13,871f1d489ffffff,25.22
14,14,871f1d489ffffff,24.06930693069307
15,15,871f1d489ffffff,25.00990099009901
16,16,871f1d489ffffff,25.94
17,17,871f1d489ffffff,27.04950495049505
18,18,871f1d489ffffff,24.455445544554454
19,19,871f1d489ffffff,24.257425742574256
20,20,871f1d489ffffff,24.06930693069307
21,21,871f1d489ffffff,21.18
22,22,871f1d489ffffff,17.11881188118812
23,23,871f1d489ffffff,14.237623762376238
0,0,871f1d48affffff,6.00990099009901
1,1,871f1d48affffff,4.638297872340425
2,2,871f1d48affffff,3.5853658536585367
3,3,871f1d48affffff,2.769230769230769
4,4,871f1d48affffff,2.2666666666666666
5,5,871f1d48affffff,2.411111111111111
6,6,871f1d48affffff,3.4269662921348316
7,7,871f1d48affffff,6.75531914893617
8,8,871f1d48affffff,9.868686868686869
9,9,871f1d48affffff,12.080808080808081
10,10,871f1d48affffff,11.594059405940595
11,11,871f1d48affffff,13.7
12,12,871f1d48affffff,15.15
13,13,871f1d48affffff,16.1
14,14,871f1d48affffff,16.900990099009903
15,15,871f1d48affffff,17.742574257425744
16,16,871f1d48affffff,19.55
17,17,871f1d48affffff,21.683168316831683
18,18,871f1d48affffff,19.0
19,19,871f1d48affffff,15.623762376237623
20,20,871f1d48affffff,13.03960396039604
21,21,871f1d48affffff,11.59
22,22,871f1d48affffff,10.237623762376238
23,23,871f1d48affffff,8.01980198019802
0,0,871f1d48bffffff,4.86
1,1,871f1d48bffffff,3.5698924731182795
2,2,871f1d48bffffff,2.8588235294117648
3,3,871f1d48bffffff,2.272727272727273
4,4,871f1d48bffffff,2.2
5,5,871f1d48bffffff,2.3863636363636362
6,6,871f1d48bffffff,3.6315789473684212
7,7,871f1d48bffffff,7.090909090909091
8,8,871f1d48bffffff,13.95
9,9,871f1d48bffffff,16.3
10,10,871f1d48bffffff,14.673267326732674
11,11,871f1d48bffffff,18.03030303030303
12,12,871f1d48bffffff,21.79
13,13,871f1d48bffffff,22.16
14,14,871f1d48bffffff,24.693069306930692
15,15,871f1d48bffffff,25.77227722772277
16,16,871f1d48bffffff,28.17
17,17,871f1d48bffffff,28.04950495049505
18,18,871f1d48bffffff,20.534653465346533
19,19,871f1d48bffffff,15.990099009900991
20,20,871f1d48bffffff,12.702970297029703
21,21,871f1d48bffffff,10.34
22,22,871f1d48bffffff,8.96039603960396
23,23,871f1d48bffffff,5.64
0,0,871f1d48cffffff,5.656565656565657
1,1,871f1d48cffffff,3.630434782608696
2,2,871f1d48cffffff,2.8313253012048194
3,3,871f1d48cffffff,2.3176470588235296
4,4,871f1d48cffffff,2.130952380952381
5,5,871f1d48cffffff,3.6020408163265305
6,6,871f1d48cffffff,6.04
7,7,871f1d48cffffff,8.323232323232324
8,8,871f1d48cffffff,9.383838383838384
9,9,871f1d48cffffff,7.62
10,10,871f1d48cffffff,5.88
11,11,871f1d48cffffff,6.565656565656566
12,12,871f1d48cffffff,7.040404040404041
13,13,871f1d48cffffff,7.52
14,14,871f1d48cffffff,7.772277227722772
15,15,871f1d48cffffff,8.069306930693068
16,16,871f1d48cffffff,8.64
17,17,871f1d48cffffff,10.178217821782178
18,18,871f1d48cffffff,11.950495049504951
19,19,871f1d48cffffff,11.92079207920792
20,20,871f1d48cffffff,10.069306930693068
21,21,871f1d48cffffff,9.61
22,22,871f1d48cffffff,9.128712871287128
23,23,871f1d48cffffff,6.574257425742574
0,0,871f1d48dffffff,4.636363636363637
1,1,871f1d48dffffff,3.5638297872340425
2,2,871f1d48dffffff,2.3048780487804876
3,3,871f1d48dffffff,1.7763157894736843
4,4,871f1d48dffffff,1.8333333333333333
5,5,871f1d48dffffff,2.90625
6,6,871f1d48dffffff,4.98936170212766
7,7,871f1d48dffffff,6.95
8,8,871f1d48dffffff,9.02
9,9,871f1d48dffffff,8.54
10,10,871f1d48dffffff,7.68
11,11,871f1d48dffffff,8.585858585858587
12,12,871f1d48dffffff,9.07
13,13,871f1d48dffffff,9.18
14,14,871f1d48dffffff,9.54
15,15,871f1d48dffffff,10.376237623762377
16,16,871f1d48dffffff,11.88
17,17,871f1d48dffffff,13.683168316831683
18,18,871f1d48dffffff,14.07920792079208
19,19,871f1d48dffffff,12.118811881188119
20,20,871f1d48dffffff,10.574257425742575
21,21,871f1d48dffffff,9.62
22,22,871f1d48dffffff,8.950495049504951
23,23,871f1d48dffffff,6.623762376237623
0,0,871f1d48effffff,4.54
1,1,871f1d48effffff,3.3333333333333335
2,2,871f1d48effffff,2.1298701298701297
3,3,871f1d48effffff,2.064935064935065
4,4,871f1d48effffff,1.7590361445783131
5,5,871f1d48effffff,2.847826086956522
6,6,871f1d48effffff,4.53125
7,7,871f1d48effffff,9.306122448979592
8,8,871f1d48effffff,10.23
9,9,871f1d48effffff,10.48
10,10,871f1d48effffff,9.49
11,11,871f1d48effffff,10.01010101010101
12,12,871f1d48effffff,9.92
13,13,871f1d48effffff,11.36
14,14,871f1d48effffff,11.534653465346535
15,15,871f1d48effffff,12.623762376237623
16,16,871f1d48effffff,14.01
17,17,871f1d48effffff,16.07920792079208
18,18,871f1d48effffff,15.831683168316832
19,19,871f1d48effffff,12.673267326732674
20,20,871f1d48effffff,10.099009900990099
21,21,871f1d48effffff,8.85
22,22,871f1d48effffff,7.584158415841584
23,23,871f1d48effffff,5.73
0,0,,0.0
1,1,,0.0
2,2,871f1d491ffffff,1.0
3,3,871f1d491ffffff,1.0
4,4,871f1d491ffffff,0.0
5,5,871f1d491ffffff,0.0
6,6,871f1d491ffffff,0.0
7,7,871f1d491ffffff,0.0
8,8,871f1d491ffffff,0.0
9,9,871f1d491ffffff,0.0
10,10,871f1d491ffffff,1.0
11,11,871f1d491ffffff,2.0
12,12,871f1d491ffffff,1.0
13,13,871f1d491ffffff,1.0
14,14,871f1d491ffffff,1.0
15,15,871f1d491ffffff,1.0
16,16,871f1d491ffffff,1.0
17,17,871f1d491ffffff,1.0
18,18,871f1d491ffffff,1.0
19,19,871f1d491ffffff,1.0
20,20,871f1d491ffffff,1.0
21,21,871f1d491ffffff,1.3333333333333333
22,22,871f1d491ffffff,1.5
23,23,871f1d491ffffff,1.0
0,0,871f1d494ffffff,1.162162162162162
1,1,871f1d494ffffff,1.1304347826086956
2,2,871f1d494ffffff,1.0714285714285714
3,3,871f1d494ffffff,1.0
4,4,871f1d494ffffff,1.12
5,5,871f1d494ffffff,1.4318181818181819
6,6,871f1d494ffffff,1.6774193548387097
7,7,871f1d494ffffff,1.6486486486486487
8,8,871f1d494ffffff,1.2692307692307692
9,9,871f1d494ffffff,1.5454545454545454
10,10,871f1d494ffffff,1.7179487179487178
11,11,871f1d494ffffff,1.40625
12,12,871f1d494ffffff,1.4545454545454546
13,13,871f1d494ffffff,1.553191489361702
14,14,871f1d494ffffff,1.5
15,15,871f1d494ffffff,1.4259259259259258
16,16,871f1d494ffffff,1.4313725490196079
17,17,871f1d494ffffff,1.7407407407407407
18,18,871f1d494ffffff,1.8888888888888888
19,19,871f1d494ffffff,1.7096774193548387
20,20,871f1d494ffffff,1.5625
21,21,871f1d494ffffff,1.5660377358490567
22,22,871f1d494ffffff,1.3255813953488371
23,23,871f1d494ffffff,1.125
0,0,871f1d498ffffff,2.966292134831461
1,1,871f1d498ffffff,2.2666666666666666
2,2,871f1d498ffffff,1.793103448275862
3,3,871f1d498ffffff,1.703125
4,4,871f1d498ffffff,1.9230769230769231
5,5,871f1d498ffffff,2.522222222222222
6,6,871f1d498ffffff,4.5
7,7,871f1d498ffffff,5.946236559139785
8,8,871f1d498ffffff,8.27
9,9,871f1d498ffffff,7.161616161616162
10,10,871f1d498ffffff,5.57
11,11,871f1d498ffffff,5.434343434343434
12,12,871f1d498ffffff,6.24
13,13,871f1d498ffffff,5.747474747474747
14,14,871f1d498ffffff,6.262626262626263
15,15,871f1d498ffffff,6.693069306930693
16,16,871f1d498ffffff,6.86
17,17,871f1d498ffffff,7.554455445544554
18,18,871f1d498ffffff,8.603960396039604
19,19,871f1d498ffffff,7.673267326732673
20,20,871f1d498ffffff,6.38
21,21,871f1d498ffffff,6.32
22,22,871f1d498ffffff,4.93
23,23,871f1d498ffffff,3.5876288659793816
0,0,871f1d499ffffff,5.693069306930693
1,1,871f1d499ffffff,4.171717171717172
2,2,871f1d499ffffff,3.218390804597701
3,3,871f1d499ffffff,2.6
4,4,871f1d499ffffff,3.154639175257732
5,5,871f1d499ffffff,4.84
6,6,871f1d499ffffff,6.97979797979798
7,7,871f1d499ffffff,8.252525252525253
8,8,871f1d499ffffff,10.09
9,9,871f1d499ffffff,9.68
10,10,871f1d499ffffff,9.12
11,11,871f1d499ffffff,9.666666666666666
12,12,871f1d499ffffff,10.07
13,13,871f1d499ffffff,10.434343434343434
14,14,871f1d499ffffff,11.386138613861386
15,15,871f1d499ffffff,12.267326732673267
16,16,871f1d499ffffff,14.41
17,17,871f1d499ffffff,16.752475247524753
18,18,871f1d499ffffff,18.762376237623762
19,19,871f1d499ffffff,17.22772277227723
20,20,871f1d499ffffff,15.405940594059405
21,21,871f1d499ffffff,12.76
22,22,871f1d499ffffff,11.554455445544555
23,23,871f1d499ffffff,8.564356435643564
0,0,871f1d49affffff,1.4893617021276595
1,1,871f1d49affffff,1.3333333333333333
2,2,871f1d49affffff,1.2857142857142858
3,3,871f1d49affffff,1.05
4,4,871f1d49affffff,1.1666666666666667
5,5,871f1d49affffff,1.8076923076923077
6,6,871f1d49affffff,2.1587301587301586
7,7,871f1d49affffff,2.7951807228915664
8,8,871f1d49affffff,2.2972972972972974
9,9,871f1d49affffff,2.5232558139534884
10,10,871f1d49affffff,2.0
11,11,871f1d49affffff,2.4827586206896552
12,12,871f1d49affffff,2.611764705882353
13,13,871f1d49affffff,2.6136363636363638
14,14,871f1d49affffff,3.227272727272727
15,15,871f1d49affffff,2.7666666666666666
16,16,871f1d49affffff,3.0103092783505154
17,17,871f1d49affffff,3.2346938775510203
18,18,871f1d49affffff,3.381443298969072
19,19,871f1d49affffff,2.9239130434782608
20,20,871f1d49affffff,2.3908045977011496
21,21,871f1d49affffff,2.1710526315789473
22,22,871f1d49affffff,2.1219512195121952
23,23,871f1d49affffff,1.603448275862069
0,0,871f1d49bffffff,4.166666666666667
1,1,871f1d49bffffff,2.911111111111111
2,2,871f1d49bffffff,2.2535211267605635
3,3,871f1d49bffffff,1.8823529411764706
4,4,871f1d49bffffff,2.5681818181818183
5,5,871f1d49bffffff,3.8979591836734695
6,6,871f1d49bffffff,6.422680412371134
7,7,871f1d49bffffff,8.86
8,8,871f1d49bffffff,8.06060606060606
9,9,871f1d49bffffff,7.45
10,10,871f1d49bffffff,6.828282828282828
11,11,871f1d49bffffff,7.02020202020202
12,12,871f1d49bffffff,8.12
13,13,871f1d49bffffff,8.929292929292929
14,14,871f1d49bffffff,9.336633663366337
15,15,871f1d49bffffff,10.188118811881187
16,16,871f1d49bffffff,11.6
17,17,871f1d49bffffff,13.663366336633663
18,18,871f1d49bffffff,15.376237623762377
19,19,871f1d49bffffff,14.881188118811881
20,20,871f1d49bffffff,12.257425742574258
21,21,871f1d49bffffff,9.89
22,22,871f1d49bffffff,8.693069306930694
23,23,871f1d49bffffff,6.267326732673268
0,0,871f1d49cffffff,3.2795698924731185
1,1,871f1d49cffffff,2.475609756097561
2,2,871f1d49cffffff,1.8714285714285714
3,3,871f1d49cffffff,1.5471698113207548
4,4,871f1d49cffffff,1.4406779661016949
5,5,871f1d49cffffff,2.3855421686746987
6,6,871f1d49cffffff,3.337078651685393
7,7,871f1d49cffffff,4.729166666666667
8,8,871f1d49cffffff,6.46875
9,9,871f1d49cffffff,6.051020408163265
10,10,871f1d49cffffff,5.656565656565657
11,11,871f1d49cffffff,6.275510204081633
12,12,871f1d49cffffff,6.565656565656566
13,13,871f1d49cffffff,7.111111111111111
14,14,871f1d49cffffff,7.808080808080808
15,15,871f1d49cffffff,7.891089108910891
16,16,871f1d49cffffff,9.17
17,17,871f1d49cffffff,10.811881188118813
18,18,871f1d49cffffff,10.96039603960396
19,19,871f1d49cffffff,11.138613861386139
20,20,871f1d49cffffff,8.386138613861386
21,21,871f1d49cffffff,7.61
22,22,871f1d49cffffff,6.742574257425742
23,23,871f1d49cffffff,5.2727272727272725
0,0,871f1d49dffffff,8.93
1,1,871f1d49dffffff,5.99
2,2,871f1d49dffffff,3.5729166666666665
3,3,871f1d49dffffff,2.7023809523809526
4,4,871f1d49dffffff,2.7790697674418605
5,5,871f1d49dffffff,3.5520833333333335
6,6,871f1d49dffffff,5.438775510204081
7,7,871f1d49dffffff,10.60204081632653
8,8,871f1d49dffffff,15.8
9,9,871f1d49dffffff,17.37
10,10,871f1d49dffffff,18.07
11,11,871f1d49dffffff,20.77
12,12,871f1d49dffffff,24.72
13,13,871f1d49dffffff,25.757575757575758
14,14,871f1d49dffffff,26.86
15,15,871f1d49dffffff,27.514851485148515
16,16,871f1d49dffffff,27.34
17,17,871f1d49dffffff,28.237623762376238
18,18,871f1d49dffffff,28.019801980198018
19,19,871f1d49dffffff,24.574257425742573
20,20,871f1d49dffffff,22.207920792079207
21,21,871f1d49dffffff,18.17
22,22,871f1d49dffffff,16.425742574257427
23,23,871f1d49dffffff,11.17
0,0,871f1d49effffff,1.2857142857142858
1,1,871f1d49effffff,1.1428571428571428
2,2,871f1d49effffff,1.2352941176470589
3,3,871f1d49effffff,1.2
4,4,871f1d49effffff,1.2222222222222223
5,5,871f1d49effffff,1.1153846153846154
6,6,871f1d49effffff,1.2142857142857142
7,7,871f1d49effffff,1.4102564102564104
8,8,871f1d49effffff,1.6481481481481481
9,9,871f1d49effffff,1.4444444444444444
10,10,871f1d49effffff,1.4
11,11,871f1d49effffff,1.6779661016949152
12,12,871f1d49effffff,1.9275362318840579
13,13,871f1d49effffff,1.7941176470588236
14,14,871f1d49effffff,1.7313432835820894
15,15,871f1d49effffff,1.9315068493150684
16,16,871f1d49effffff,1.6582278481012658
17,17,871f1d49effffff,1.776470588235294
18,18,871f1d49effffff,1.9090909090909092
19,19,871f1d49effffff,1.6753246753246753
20,20,871f1d49effffff,1.859375
21,21,871f1d49effffff,1.6724137931034482
22,22,871f1d49effffff,1.3409090909090908
23,23,871f1d49effffff,1.25
0,0,871f1d4a1ffffff,1.0
1,1,871f1d4a1ffffff,1.3333333333333333
2,2,871f1d4a1ffffff,0.0
3,3,871f1d4a1ffffff,0.0
4,4,871f1d4a1ffffff,1.0
5,5,871f1d4a1ffffff,0.0
6,6,871f1d4a1ffffff,1.0
7,7,871f1d4a1ffffff,1.0
8,8,871f1d4a1ffffff,0.0
9,9,871f1d4a1ffffff,0.0
10,10,871f1d4a1ffffff,1.0
11,11,871f1d4a1ffffff,1.0
12,12,871f1d4a1ffffff,1.125
13,13,871f1d4a1ffffff,2.0
14,14,871f1d4a1ffffff,1.0
15,15,871f1d4a1ffffff,1.0
16,16,871f1d4a1ffffff,1.0
17,17,871f1d4a1ffffff,1.0
18,18,871f1d4a1ffffff,1.0
19,19,871f1d4a1ffffff,1.0
20,20,871f1d4a1ffffff,1.0
21,21,871f1d4a1ffffff,1.0
22,22,871f1d4a1ffffff,1.0
23,23,871f1d4a1ffffff,0.0
0,0,871f1d4a3ffffff,1.0
1,1,871f1d4a3ffffff,1.0
2,2,871f1d4a3ffffff,1.0
3,3,871f1d4a3ffffff,0.0
4,4,871f1d4a3ffffff,1.0
5,5,871f1d4a3ffffff,1.0
6,6,871f1d4a3ffffff,1.1666666666666667
7,7,871f1d4a3ffffff,1.1666666666666667
8,8,871f1d4a3ffffff,1.0
9,9,871f1d4a3ffffff,1.0
10,10,871f1d4a3ffffff,1.0
11,11,871f1d4a3ffffff,1.0
12,12,871f1d4a3ffffff,1.0
13,13,871f1d4a3ffffff,1.2
14,14,871f1d4a3ffffff,1.0
15,15,871f1d4a3ffffff,1.0
16,16,871f1d4a3ffffff,1.0
17,17,871f1d4a3ffffff,1.0
18,18,871f1d4a3ffffff,1.0
19,19,871f1d4a3ffffff,1.0
20,20,871f1d4a3ffffff,1.0
21,21,871f1d4a3ffffff,1.0
22,22,871f1d4a3ffffff,1.0
23,23,871f1d4a3ffffff,1.0
0,0,871f1d4a8ffffff,1.6153846153846154
1,1,871f1d4a8ffffff,1.5384615384615385
2,2,871f1d4a8ffffff,1.1944444444444444
3,3,871f1d4a8ffffff,1.6571428571428573
4,4,871f1d4a8ffffff,1.6140350877192982
5,5,871f1d4a8ffffff,1.7125
6,6,871f1d4a8ffffff,2.2916666666666665
7,7,871f1d4a8ffffff,2.4444444444444446
8,8,871f1d4a8ffffff,2.791208791208791
9,9,871f1d4a8ffffff,2.4555555555555557
10,10,871f1d4a8ffffff,2.197530864197531
11,11,871f1d4a8ffffff,2.4
12,12,871f1d4a8ffffff,2.4823529411764707
13,13,871f1d4a8ffffff,2.4942528735632186
14,14,871f1d4a8ffffff,2.630434782608696
15,15,871f1d4a8ffffff,2.4302325581395348
16,16,871f1d4a8ffffff,2.769230769230769
17,17,871f1d4a8ffffff,3.09375
18,18,871f1d4a8ffffff,2.769230769230769
19,19,871f1d4a8ffffff,2.870967741935484
20,20,871f1d4a8ffffff,3.0721649484536084
21,21,871f1d4a8ffffff,2.318681318681319
22,22,871f1d4a8ffffff,2.0921052631578947
23,23,871f1d4a8ffffff,1.88
0,0,871f1d4a9ffffff,1.641025641025641
1,1,871f1d4a9ffffff,1.3157894736842106
2,2,871f1d4a9ffffff,1.4375
3,3,871f1d4a9ffffff,1.4482758620689655
4,4,871f1d4a9ffffff,1.588235294117647
5,5,871f1d4a9ffffff,1.1875
6,6,871f1d4a9ffffff,1.2708333333333333
7,7,871f1d4a9ffffff,2.0657894736842106
8,8,871f1d4a9ffffff,1.8
9,9,871f1d4a9ffffff,1.875
10,10,871f1d4a9ffffff,1.6885245901639345
11,11,871f1d4a9ffffff,1.7704918032786885
12,12,871f1d4a9ffffff,1.7966101694915255
13,13,871f1d4a9ffffff,1.893939393939394
14,14,871f1d4a9ffffff,1.6944444444444444
15,15,871f1d4a9ffffff,1.8529411764705883
16,16,871f1d4a9ffffff,1.796875
17,17,871f1d4a9ffffff,2.0
18,18,871f1d4a9ffffff,1.7792207792207793
19,19,871f1d4a9ffffff,2.015625
20,20,871f1d4a9ffffff,1.6363636363636365
21,21,871f1d4a9ffffff,1.6956521739130435
22,22,871f1d4a9ffffff,1.456140350877193
23,23,871f1d4a9ffffff,1.3617021276595744
0,0,871f1d4aaffffff,2.246913580246914
1,1,871f1d4aaffffff,2.036363636363636
2,2,871f1d4aaffffff,1.5609756097560976
3,3,871f1d4aaffffff,1.5128205128205128
4,4,871f1d4aaffffff,1.3846153846153846
5,5,871f1d4aaffffff,1.7435897435897436
6,6,871f1d4aaffffff,2.6666666666666665
7,7,871f1d4aaffffff,2.9204545454545454
8,8,871f1d4aaffffff,3.303370786516854
9,9,871f1d4aaffffff,3.127659574468085
10,10,871f1d4aaffffff,2.911111111111111
11,11,871f1d4aaffffff,3.3297872340425534
12,12,871f1d4aaffffff,3.127659574468085
13,13,871f1d4aaffffff,3.127659574468085
14,14,871f1d4aaffffff,3.067415730337079
15,15,871f1d4aaffffff,3.3870967741935485
16,16,871f1d4aaffffff,3.59375
17,17,871f1d4aaffffff,3.712871287128713
18,18,871f1d4aaffffff,4.05050505050505
19,19,871f1d4aaffffff,3.7551020408163267
20,20,871f1d4aaffffff,3.683673469387755
21,21,871f1d4aaffffff,3.7142857142857144
22,22,871f1d4aaffffff,2.84375
23,23,871f1d4aaffffff,2.2637362637362637
0,0,871f1d4abffffff,3.8556701030927836
1,1,871f1d4abffffff,3.141304347826087
2,2,871f1d4abffffff,2.1728395061728394
3,3,871f1d4abffffff,2.044776119402985
4,4,871f1d4abffffff,2.1818181818181817
5,5,871f1d4abffffff,2.847826086956522
6,6,871f1d4abffffff,3.8191489361702127
7,7,871f1d4abffffff,5.53
8,8,871f1d4abffffff,5.938144329896907
9,9,871f1d4abffffff,5.83
10,10,871f1d4abffffff,5.252525252525253
11,11,871f1d4abffffff,5.204081632653061
12,12,871f1d4abffffff,5.26
13,13,871f1d4abffffff,6.04
14,14,871f1d4abffffff,5.76
15,15,871f1d4abffffff,6.204081632653061
16,16,871f1d4abffffff,6.75
17,17,871f1d4abffffff,6.861386138613861
18,18,871f1d4abffffff,8.504950495049505
19,19,871f1d4abffffff,7.900990099009901
20,20,871f1d4abffffff,7.366336633663367
21,21,871f1d4abffffff,6.99
22,22,871f1d4abffffff,6.23
23,23,871f1d4abffffff,4.98
0,0,871f1d4aeffffff,1.6
1,1,871f1d4aeffffff,1.3255813953488371
2,2,871f1d4aeffffff,1.396551724137931
3,3,871f1d4aeffffff,1.4489795918367347
4,4,871f1d4aeffffff,1.4680851063829787
5,5,871f1d4aeffffff,1.7714285714285714
6,6,871f1d4aeffffff,1.609375
7,7,871f1d4aeffffff,2.128205128205128
8,8,871f1d4aeffffff,2.577777777777778
9,9,871f1d4aeffffff,3.0927835051546393
10,10,871f1d4aeffffff,2.577777777777778
11,11,871f1d4aeffffff,2.49438202247191
12,12,871f1d4aeffffff,2.5054945054945055
13,13,871f1d4aeffffff,2.6630434782608696
14,14,871f1d4aeffffff,3.032967032967033
15,15,871f1d4aeffffff,2.9239130434782608
16,16,871f1d4aeffffff,3.357894736842105
17,17,871f1d4aeffffff,3.618556701030928
18,18,871f1d4aeffffff,3.6804123711340204
19,19,871f1d4aeffffff,2.873684210526316
20,20,871f1d4aeffffff,2.590909090909091
21,21,871f1d4aeffffff,2.348314606741573
22,22,871f1d4aeffffff,2.393258426966292
23,23,871f1d4aeffffff,1.7727272727272727
0,0,871f1d4b0ffffff,1.694915254237288
1,1,871f1d4b0ffffff,1.375
2,2,871f1d4b0ffffff,1.35
3,3,871f1d4b0ffffff,1.3902439024390243
4,4,871f1d4b0ffffff,1.5538461538461539
5,5,871f1d4b0ffffff,2.0595238095238093
6,6,871f1d4b0ffffff,2.5384615384615383
7,7,871f1d4b0ffffff,2.8735632183908044
8,8,871f1d4b0ffffff,2.954022988505747
9,9,871f1d4b0ffffff,2.924731182795699
10,10,871f1d4b0ffffff,2.967741935483871
11,11,871f1d4b0ffffff,2.8333333333333335
12,12,871f1d4b0ffffff,2.7282608695652173
13,13,871f1d4b0ffffff,2.7204301075268815
14,14,871f1d4b0ffffff,2.929411764705882
15,15,871f1d4b0ffffff,2.7142857142857144
16,16,871f1d4b0ffffff,3.2527472527472527
17,17,871f1d4b0ffffff,3.7422680412371134
18,18,871f1d4b0ffffff,3.389473684210526
19,19,871f1d4b0ffffff,3.4526315789473685
20,20,871f1d4b0ffffff,3.63265306122449
21,21,871f1d4b0ffffff,3.265957446808511
22,22,871f1d4b0ffffff,3.1444444444444444
23,23,871f1d4b0ffffff,1.726027397260274
0,0,871f1d4b1ffffff,1.0
1,1,871f1d4b1ffffff,0.0
2,2,871f1d4b1ffffff,1.0
3,3,871f1d4b1ffffff,0.0
4,4,871f1d4b1ffffff,1.0
5,5,871f1d4b1ffffff,1.0
6,6,871f1d4b1ffffff,1.0
7,7,871f1d4b1ffffff,1.0
8,8,871f1d4b1ffffff,1.0
9,9,871f1d4b1ffffff,1.1666666666666667
10,10,871f1d4b1ffffff,1.0
11,11,871f1d4b1ffffff,1.0
12,12,871f1d4b1ffffff,1.0
13,13,871f1d4b1ffffff,1.0
14,14,871f1d4b1ffffff,1.0
15,15,871f1d4b1ffffff,1.0
16,16,871f1d4b1ffffff,1.0
17,17,871f1d4b1ffffff,1.0
18,18,871f1d4b1ffffff,1.0
19,19,871f1d4b1ffffff,1.1666666666666667
20,20,871f1d4b1ffffff,1.0
21,21,871f1d4b1ffffff,1.0
22,22,871f1d4b1ffffff,1.0
23,23,871f1d4b1ffffff,0.0
0,0,871f1d4b2ffffff,1.2307692307692308
1,1,871f1d4b2ffffff,1.12
2,2,871f1d4b2ffffff,1.0476190476190477
3,3,871f1d4b2ffffff,1.1
4,4,871f1d4b2ffffff,1.0
5,5,871f1d4b2ffffff,1.0555555555555556
6,6,871f1d4b2ffffff,1.1724137931034482
7,7,871f1d4b2ffffff,1.411764705882353
8,8,871f1d4b2ffffff,1.1875
9,9,871f1d4b2ffffff,1.2857142857142858
10,10,871f1d4b2ffffff,1.2105263157894737
11,11,871f1d4b2ffffff,1.3823529411764706
12,12,871f1d4b2ffffff,1.3823529411764706
13,13,871f1d4b2ffffff,1.434782608695652
14,14,871f1d4b2ffffff,1.372093023255814
15,15,871f1d4b2ffffff,1.6603773584905661
16,16,871f1d4b2ffffff,1.4285714285714286
17,17,871f1d4b2ffffff,1.5238095238095237
18,18,871f1d4b2ffffff,1.476923076923077
19,19,871f1d4b2ffffff,1.5932203389830508
20,20,871f1d4b2ffffff,1.4042553191489362
21,21,871f1d4b2ffffff,1.2926829268292683
22,22,871f1d4b2ffffff,1.2666666666666666
23,23,871f1d4b2ffffff,1.3
0,0,871f1d4b3ffffff,1.3157894736842106
1,1,871f1d4b3ffffff,1.2222222222222223
2,2,871f1d4b3ffffff,1.105263157894737
3,3,871f1d4b3ffffff,1.2727272727272727
4,4,871f1d4b3ffffff,1.05
5,5,871f1d4b3ffffff,1.1612903225806452
6,6,871f1d4b3ffffff,1.392156862745098
7,7,871f1d4b3ffffff,1.510204081632653
8,8,871f1d4b3ffffff,1.5272727272727273
9,9,871f1d4b3ffffff,1.7076923076923076
10,10,871f1d4b3ffffff,1.8235294117647058
11,11,871f1d4b3ffffff,1.7222222222222223
12,12,871f1d4b3ffffff,1.9863013698630136
13,13,871f1d4b3ffffff,1.9253731343283582
14,14,871f1d4b3ffffff,2.095890410958904
15,15,871f1d4b3ffffff,2.15
16,16,871f1d4b3ffffff,1.9746835443037976
17,17,871f1d4b3ffffff,2.485294117647059
18,18,871f1d4b3ffffff,1.8735632183908046
19,19,871f1d4b3ffffff,1.9753086419753085
20,20,871f1d4b3ffffff,1.9036144578313252
21,21,871f1d4b3ffffff,1.7534246575342465
22,22,871f1d4b3ffffff,1.8461538461538463
23,23,871f1d4b3ffffff,1.24
0,0,,0.0
1,1,,0.0
2,2,,0.0
3,3,,0.0
4,4,,0.0
5,5,,0.0
6,6,,0.0
7,7,,0.0
8,8,,0.0
9,9,,0.0
10,10,,0.0
11,11,871f1d4b5ffffff,1.0
12,12,871f1d4b5ffffff,1.0
13,13,871f1d4b5ffffff,1.0
14,14,871f1d4b5ffffff,0.0
15,15,871f1d4b5ffffff,0.0
16,16,871f1d4b5ffffff,0.0
17,17,871f1d4b5ffffff,0.0
18,18,871f1d4b5ffffff,0.0
19,19,871f1d4b5ffffff,0.0
20,20,871f1d4b5ffffff,0.0
21,21,871f1d4b5ffffff,0.0
22,22,871f1d4b5ffffff,0.0
23,23,871f1d4b5ffffff,0.0
0,0,,0.0
1,1,,0.0
2,2,,0.0
3,3,,0.0
4,4,,0.0
5,5,,0.0
6,6,,0.0
7,7,,0.0
8,8,,0.0
9,9,,0.0
10,10,,0.0
11,11,,0.0
12,12,,0.0
13,13,,0.0
14,14,,0.0
15,15,,0.0
16,16,,0.0
17,17,,0.0
18,18,,0.0
19,19,,0.0
20,20,871f1d4c0ffffff,1.0
21,21,871f1d4c0ffffff,0.0
22,22,871f1d4c0ffffff,0.0
23,23,871f1d4c0ffffff,0.0
0,0,871f1d4c2ffffff,1.125
1,1,871f1d4c2ffffff,1.3
2,2,871f1d4c2ffffff,1.0833333333333333
3,3,871f1d4c2ffffff,1.1428571428571428
4,4,871f1d4c2ffffff,1.0909090909090908
5,5,871f1d4c2ffffff,1.1111111111111112
6,6,871f1d4c2ffffff,1.0769230769230769
7,7,871f1d4c2ffffff,1.1428571428571428
8,8,871f1d4c2ffffff,1.16
9,9,871f1d4c2ffffff,1.375
10,10,871f1d4c2ffffff,1.4
11,11,871f1d4c2ffffff,1.2826086956521738
12,12,871f1d4c2ffffff,1.7450980392156863
13,13,871f1d4c2ffffff,1.8727272727272728
14,14,871f1d4c2ffffff,1.912280701754386
15,15,871f1d4c2ffffff,2.0483870967741935
16,16,871f1d4c2ffffff,1.5507246376811594
17,17,871f1d4c2ffffff,1.640625
18,18,871f1d4c2ffffff,1.7377049180327868
19,19,871f1d4c2ffffff,1.5833333333333333
20,20,871f1d4c2ffffff,1.4807692307692308
21,21,871f1d4c2ffffff,1.4411764705882353
22,22,871f1d4c2ffffff,1.8709677419354838
23,23,871f1d4c2ffffff,1.3846153846153846
0,0,871f1d4c6ffffff,1.2941176470588236
1,1,871f1d4c6ffffff,1.3636363636363635
2,2,871f1d4c6ffffff,1.75
3,3,871f1d4c6ffffff,1.3333333333333333
4,4,871f1d4c6ffffff,1.25
5,5,871f1d4c6ffffff,1.263157894736842
6,6,871f1d4c6ffffff,1.1176470588235294
7,7,871f1d4c6ffffff,1.3333333333333333
8,8,871f1d4c6ffffff,1.4137931034482758
9,9,871f1d4c6ffffff,1.12
10,10,871f1d4c6ffffff,1.3448275862068966
11,11,871f1d4c6ffffff,1.3043478260869565
12,12,871f1d4c6ffffff,1.3043478260869565
13,13,871f1d4c6ffffff,1.173913043478261
14,14,871f1d4c6ffffff,1.2
15,15,871f1d4c6ffffff,1.1724137931034482
16,16,871f1d4c6ffffff,1.3421052631578947
17,17,871f1d4c6ffffff,1.3181818181818181
18,18,871f1d4c6ffffff,1.25
19,19,871f1d4c6ffffff,1.3243243243243243
20,20,871f1d4c6ffffff,1.236842105263158
21,21,871f1d4c6ffffff,1.25
22,22,871f1d4c6ffffff,1.375
23,23,871f1d4c6ffffff,1.263157894736842
0,0,,0.0
1,1,,0.0
2,2,,0.0
3,3,,0.0
4,4,,0.0
5,5,,0.0
6,6,,0.0
7,7,,0.0
8,8,,0.0
9,9,,0.0
10,10,,0.0
11,11,,0.0
12,12,,0.0
13,13,871f1d4ceffffff,1.0
14,14,871f1d4ceffffff,0.0
15,15,871f1d4ceffffff,0.0
16,16,871f1d4ceffffff,0.0
17,17,871f1d4ceffffff,0.0
18,18,871f1d4ceffffff,0.0
19,19,871f1d4ceffffff,0.0
20,20,871f1d4ceffffff,0.0
21,21,871f1d4ceffffff,0.0
22,22,871f1d4ceffffff,0.0
23,23,871f1d4ceffffff,0.0
0,0,871f1d4d0ffffff,9.712871287128714
1,1,871f1d4d0ffffff,6.959183673469388
2,2,871f1d4d0ffffff,4.5
3,3,871f1d4d0ffffff,3.795698924731183
4,4,871f1d4d0ffffff,3.568421052631579
5,5,871f1d4d0ffffff,5.27
6,6,871f1d4d0ffffff,6.13265306122449
7,7,871f1d4d0ffffff,13.12
8,8,871f1d4d0ffffff,12.656565656565656
9,9,871f1d4d0ffffff,10.454545454545455
10,10,871f1d4d0ffffff,10.3
11,11,871f1d4d0ffffff,11.01
12,12,871f1d4d0ffffff,10.5
13,13,871f1d4d0ffffff,12.24
14,14,871f1d4d0ffffff,12.821782178217822
15,15,871f1d4d0ffffff,13.247524752475247
16,16,871f1d4d0ffffff,14.23
17,17,871f1d4d0ffffff,18.336633663366335
18,18,871f1d4d0ffffff,21.95049504950495
19,19,871f1d4d0ffffff,21.465346534653467
20,20,871f1d4d0ffffff,20.178217821782177
21,21,871f1d4d0ffffff,17.98
22,22,871f1d4d0ffffff,16.88118811881188
23,23,871f1d4d0ffffff,13.425742574257425
0,0,871f1d4d1ffffff,2.142857142857143
1,1,871f1d4d1ffffff,1.9384615384615385
2,2,871f1d4d1ffffff,1.7
3,3,871f1d4d1ffffff,1.8235294117647058
4,4,871f1d4d1ffffff,1.5849056603773586
5,5,871f1d4d1ffffff,2.3
6,6,871f1d4d1ffffff,2.1538461538461537
7,7,871f1d4d1ffffff,3.3258426966292136
8,8,871f1d4d1ffffff,4.34375
9,9,871f1d4d1ffffff,4.153061224489796
10,10,871f1d4d1ffffff,3.2127659574468086
11,11,871f1d4d1ffffff,2.9680851063829787
12,12,871f1d4d1ffffff,3.0
13,13,871f1d4d1ffffff,3.3118279569892475
14,14,871f1d4d1ffffff,3.4947368421052634
15,15,871f1d4d1ffffff,3.2346938775510203
16,16,871f1d4d1ffffff,3.414141414141414
17,17,871f1d4d1ffffff,3.888888888888889
18,18,871f1d4d1ffffff,4.39
19,19,871f1d4d1ffffff,4.216494845360825
20,20,871f1d4d1ffffff,3.696969696969697
21,21,871f1d4d1ffffff,3.836734693877551
22,22,871f1d4d1ffffff,3.4565217391304346
23,23,871f1d4d1ffffff,2.6595744680851063
0,0,871f1d4d2ffffff,7.262626262626263
1,1,871f1d4d2ffffff,5.105263157894737
2,2,871f1d4d2ffffff,3.32967032967033
3,3,871f1d4d2ffffff,3.0
4,4,871f1d4d2ffffff,3.117021276595745
5,5,871f1d4d2ffffff,4.195876288659794
6,6,871f1d4d2ffffff,4.377551020408164
7,7,871f1d4d2ffffff,8.19
8,8,871f1d4d2ffffff,10.85
9,9,871f1d4d2ffffff,11.19
10,10,871f1d4d2ffffff,10.27
11,11,871f1d4d2ffffff,10.606060606060606
12,12,871f1d4d2ffffff,11.68
13,13,871f1d4d2ffffff,11.61
14,14,871f1d4d2ffffff,12.23
15,15,871f1d4d2ffffff,12.108910891089108
16,16,871f1d4d2ffffff,13.34
17,17,871f1d4d2ffffff,15.514851485148515
18,18,871f1d4d2ffffff,16.702970297029704
19,19,871f1d4d2ffffff,16.178217821782177
20,20,871f1d4d2ffffff,15.257425742574258
21,21,871f1d4d2ffffff,14.03
22,22,871f1d4d2ffffff,12.594059405940595
23,23,871f1d4d2ffffff,9.633663366336634
0,0,871f1d4d3ffffff,1.7903225806451613
1,1,871f1d4d3ffffff,2.019607843137255
2,2,871f1d4d3ffffff,1.911764705882353
3,3,871f1d4d3ffffff,2.0588235294117645
4,4,871f1d4d3ffffff,1.813953488372093
5,5,871f1d4d3ffffff,1.6428571428571428
6,6,871f1d4d3ffffff,1.7733333333333334
7,7,871f1d4d3ffffff,1.606060606060606
8,8,871f1d4d3ffffff,1.9342105263157894
9,9,871f1d4d3ffffff,2.2409638554216866
10,10,871f1d4d3ffffff,2.1323529411764706
11,11,871f1d4d3ffffff,2.2
12,12,871f1d4d3ffffff,2.013333333333333
13,13,871f1d4d3ffffff,2.138888888888889
14,14,871f1d4d3ffffff,2.36
15,15,871f1d4d3ffffff,2.4133333333333336
16,16,871f1d4d3ffffff,2.4578313253012047
17,17,871f1d4d3ffffff,2.5268817204301075
18,18,871f1d4d3ffffff,3.6597938144329896
19,19,871f1d4d3ffffff,3.2371134020618557
20,20,871f1d4d3ffffff,3.2386363636363638
21,21,871f1d4d3ffffff,2.8295454545454546
22,22,871f1d4d3ffffff,2.4555555555555557
23,23,871f1d4d3ffffff,2.1625
0,0,871f1d4d4ffffff,3.9895833333333335
1,1,871f1d4d4ffffff,3.1264367816091956
2,2,871f1d4d4ffffff,2.548780487804878
3,3,871f1d4d4ffffff,2.1267605633802815
4,4,871f1d4d4ffffff,2.2142857142857144
5,5,871f1d4d4ffffff,3.381443298969072
6,6,871f1d4d4ffffff,5.5638297872340425
7,7,871f1d4d4ffffff,9.0625
8,8,871f1d4d4ffffff,8.74
9,9,871f1d4d4ffffff,7.66
10,10,871f1d4d4ffffff,7.06
11,11,871f1d4d4ffffff,6.656565656565657
12,12,871f1d4d4ffffff,7.0
13,13,871f1d4d4ffffff,7.35
14,14,871f1d4d4ffffff,7.53
15,15,871f1d4d4ffffff,8.049504950495049
16,16,871f1d4d4ffffff,9.76
17,17,871f1d4d4ffffff,11.772277227722773
18,18,871f1d4d4ffffff,13.415841584158416
19,19,871f1d4d4ffffff,13.049504950495049
20,20,871f1d4d4ffffff,10.910891089108912
21,21,871f1d4d4ffffff,9.242424242424242
22,22,871f1d4d4ffffff,7.732673267326732
23,23,871f1d4d4ffffff,6.19
0,0,871f1d4d5ffffff,1.7575757575757576
1,1,871f1d4d5ffffff,1.76
2,2,871f1d4d5ffffff,1.4651162790697674
3,3,871f1d4d5ffffff,1.7234042553191489
4,4,871f1d4d5ffffff,1.872340425531915
5,5,871f1d4d5ffffff,1.828125
6,6,871f1d4d5ffffff,2.037037037037037
7,7,871f1d4d5ffffff,2.879120879120879
8,8,871f1d4d5ffffff,3.225806451612903
9,9,871f1d4d5ffffff,3.372340425531915
10,10,871f1d4d5ffffff,2.8222222222222224
11,11,871f1d4d5ffffff,2.63953488372093
12,12,871f1d4d5ffffff,3.168539325842697
13,13,871f1d4d5ffffff,3.0804597701149423
14,14,871f1d4d5ffffff,2.7888888888888888
15,15,871f1d4d5ffffff,3.0
16,16,871f1d4d5ffffff,2.7395833333333335
17,17,871f1d4d5ffffff,3.5106382978723403
18,18,871f1d4d5ffffff,3.316326530612245
19,19,871f1d4d5ffffff,3.090909090909091
20,20,871f1d4d5ffffff,3.2268041237113403
21,21,871f1d4d5ffffff,3.087912087912088
22,22,871f1d4d5ffffff,2.6914893617021276
23,23,871f1d4d5ffffff,1.837837837837838
0,0,871f1d4d6ffffff,7.12
1,1,871f1d4d6ffffff,5.571428571428571
2,2,871f1d4d6ffffff,3.795698924731183
3,3,871f1d4d6ffffff,3.4078947368421053
4,4,871f1d4d6ffffff,3.4886363636363638
5,5,871f1d4d6ffffff,4.6020408163265305
6,6,871f1d4d6ffffff,4.387755102040816
7,7,871f1d4d6ffffff,7.9393939393939394
8,8,871f1d4d6ffffff,11.653061224489797
9,9,871f1d4d6ffffff,13.71
10,10,871f1d4d6ffffff,11.564356435643564
11,11,871f1d4d6ffffff,13.13
12,12,871f1d4d6ffffff,13.83
13,13,871f1d4d6ffffff,14.95
14,14,871f1d4d6ffffff,16.07920792079208
15,15,871f1d4d6ffffff,15.98019801980198
16,16,871f1d4d6ffffff,16.27
17,17,871f1d4d6ffffff,18.584158415841586
18,18,871f1d4d6ffffff,18.04950495049505
19,19,871f1d4d6ffffff,17.128712871287128
20,20,871f1d4d6ffffff,16.287128712871286
21,21,871f1d4d6ffffff,13.62
22,22,871f1d4d6ffffff,12.94059405940594
23,23,871f1d4d6ffffff,10.326732673267326
0,0,,0.0
1,1,,0.0
2,2,,0.0
3,3,,0.0
4,4,,0.0
5,5,871f1d4d8ffffff,1.0
6,6,871f1d4d8ffffff,0.0
7,7,871f1d4d8ffffff,1.0
8,8,871f1d4d8ffffff,0.0
9,9,871f1d4d8ffffff,0.0
10,10,871f1d4d8ffffff,0.0
11,11,871f1d4d8ffffff,1.0
12,12,871f1d4d8ffffff,0.0
13,13,871f1d4d8ffffff,0.0
14,14,871f1d4d8ffffff,0.0
15,15,871f1d4d8ffffff,0.0
16,16,871f1d4d8ffffff,0.0
17,17,871f1d4d8ffffff,1.0
18,18,871f1d4d8ffffff,1.0
19,19,871f1d4d8ffffff,0.0
20,20,871f1d4d8ffffff,1.0
21,21,871f1d4d8ffffff,1.0
22,22,871f1d4d8ffffff,0.0
23,23,871f1d4d8ffffff,1.0
0,0,871f1d4daffffff,1.4666666666666666
1,1,871f1d4daffffff,1.1333333333333333
2,2,871f1d4daffffff,1.25
3,3,871f1d4daffffff,1.6153846153846154
4,4,871f1d4daffffff,1.5625
5,5,871f1d4daffffff,1.391304347826087
6,6,871f1d4daffffff,1.28
7,7,871f1d4daffffff,1.6176470588235294
8,8,871f1d4daffffff,1.3333333333333333
9,9,871f1d4daffffff,1.2820512820512822
10,10,871f1d4daffffff,1.25
11,11,871f1d4daffffff,1.1714285714285715
12,12,871f1d4daffffff,1.4
13,13,871f1d4daffffff,1.3421052631578947
14,14,871f1d4daffffff,1.2258064516129032
15,15,871f1d4daffffff,1.25
16,16,871f1d4daffffff,1.3823529411764706
17,17,871f1d4daffffff,1.5
18,18,871f1d4daffffff,1.5869565217391304
19,19,871f1d4daffffff,1.558139534883721
20,20,871f1d4daffffff,1.3181818181818181
21,21,871f1d4daffffff,1.3076923076923077
22,22,871f1d4daffffff,1.3571428571428572
23,23,871f1d4daffffff,1.2608695652173914
0,0,871f1d4dcffffff,1.1666666666666667
1,1,871f1d4dcffffff,2.5
2,2,871f1d4dcffffff,1.0
3,3,871f1d4dcffffff,1.3
4,4,871f1d4dcffffff,1.0
5,5,871f1d4dcffffff,1.0
6,6,871f1d4dcffffff,1.0
7,7,871f1d4dcffffff,1.2
8,8,871f1d4dcffffff,1.1538461538461537
9,9,871f1d4dcffffff,1.2222222222222223
10,10,871f1d4dcffffff,1.2142857142857142
11,11,871f1d4dcffffff,1.1
12,12,871f1d4dcffffff,1.0
13,13,871f1d4dcffffff,1.1
14,14,871f1d4dcffffff,1.0714285714285714
15,15,871f1d4dcffffff,1.0909090909090908
16,16,871f1d4dcffffff,1.2307692307692308
17,17,871f1d4dcffffff,1.1333333333333333
18,18,871f1d4dcffffff,1.0
19,19,871f1d4dcffffff,1.0
20,20,871f1d4dcffffff,1.0
21,21,871f1d4dcffffff,1.1
22,22,871f1d4dcffffff,1.1111111111111112
23,23,871f1d4dcffffff,1.0769230769230769
0,0,871f1d4ddffffff,1.1666666666666667
1,1,871f1d4ddffffff,1.0
2,2,871f1d4ddffffff,1.25
3,3,871f1d4ddffffff,1.0
4,4,871f1d4ddffffff,1.2
5,5,871f1d4ddffffff,1.0
6,6,871f1d4ddffffff,1.0
7,7,871f1d4ddffffff,0.0
8,8,871f1d4ddffffff,1.0
9,9,871f1d4ddffffff,1.1
10,10,871f1d4ddffffff,1.0
11,11,871f1d4ddffffff,1.0
12,12,871f1d4ddffffff,1.2222222222222223
13,13,871f1d4ddffffff,1.125
14,14,871f1d4ddffffff,1.0
15,15,871f1d4ddffffff,1.0
16,16,871f1d4ddffffff,1.1
17,17,871f1d4ddffffff,1.1875
18,18,871f1d4ddffffff,1.1428571428571428
19,19,871f1d4ddffffff,1.1428571428571428
20,20,871f1d4ddffffff,1.0
21,21,871f1d4ddffffff,1.2
22,22,871f1d4ddffffff,1.0909090909090908
23,23,871f1d4ddffffff,1.125
0,0,871f1d4deffffff,1.1666666666666667
1,1,871f1d4deffffff,1.1333333333333333
2,2,871f1d4deffffff,1.2105263157894737
3,3,871f1d4deffffff,1.4444444444444444
4,4,871f1d4deffffff,1.5263157894736843
5,5,871f1d4deffffff,1.0666666666666667
6,6,871f1d4deffffff,1.3333333333333333
7,7,871f1d4deffffff,1.3488372093023255
8,8,871f1d4deffffff,1.3818181818181818
9,9,871f1d4deffffff,1.4814814814814814
10,10,871f1d4deffffff,1.4893617021276595
11,11,871f1d4deffffff,1.5272727272727273
12,12,871f1d4deffffff,1.56
13,13,871f1d4deffffff,1.4791666666666667
14,14,871f1d4deffffff,1.3333333333333333
15,15,871f1d4deffffff,1.55
16,16,871f1d4deffffff,1.4423076923076923
17,17,871f1d4deffffff,1.6037735849056605
18,18,871f1d4deffffff,1.537037037037037
19,19,871f1d4deffffff,1.4827586206896552
20,20,871f1d4deffffff,1.471698113207547
21,21,871f1d4deffffff,1.446808510638298
22,22,871f1d4deffffff,1.530612244897959
23,23,871f1d4deffffff,1.206896551724138
0,0,871f1d4f0ffffff,1.4651162790697674
1,1,871f1d4f0ffffff,1.2857142857142858
2,2,871f1d4f0ffffff,1.4137931034482758
3,3,871f1d4f0ffffff,1.380952380952381
4,4,871f1d4f0ffffff,1.2857142857142858
5,5,871f1d4f0ffffff,1.3181818181818181
6,6,871f1d4f0ffffff,1.3571428571428572
7,7,871f1d4f0ffffff,2.08974358974359
8,8,871f1d4f0ffffff,2.185185185185185
9,9,871f1d4f0ffffff,1.6973684210526316
10,10,871f1d4f0ffffff,1.875
11,11,871f1d4f0ffffff,1.88
12,12,871f1d4f0ffffff,1.8428571428571427
13,13,871f1d4f0ffffff,1.6
14,14,871f1d4f0ffffff,1.6527777777777777
15,15,871f1d4f0ffffff,1.7580645161290323
16,16,871f1d4f0ffffff,1.6
17,17,871f1d4f0ffffff,1.8974358974358974
18,18,871f1d4f0ffffff,1.9540229885057472
19,19,871f1d4f0ffffff,1.9589041095890412
20,20,871f1d4f0ffffff,1.7887323943661972
21,21,871f1d4f0ffffff,1.8591549295774648
22,22,871f1d4f0ffffff,1.5
23,23,871f1d4f0ffffff,1.679245283018868
0,0,871f1d4f1ffffff,1.0
1,1,871f1d4f1ffffff,1.0
2,2,871f1d4f1ffffff,1.25
3,3,871f1d4f1ffffff,1.1666666666666667
4,4,871f1d4f1ffffff,1.0833333333333333
5,5,871f1d4f1ffffff,1.0
6,6,871f1d4f1ffffff,1.0
7,7,871f1d4f1ffffff,1.2222222222222223
8,8,871f1d4f1ffffff,1.4090909090909092
9,9,871f1d4f1ffffff,1.1818181818181819
10,10,871f1d4f1ffffff,1.2
11,11,871f1d4f1ffffff,1.2307692307692308
12,12,871f1d4f1ffffff,1.0869565217391304
13,13,871f1d4f1ffffff,1.2
14,14,871f1d4f1ffffff,1.0434782608695652
15,15,871f1d4f1ffffff,1.1304347826086956
16,16,871f1d4f1ffffff,1.3461538461538463
17,17,871f1d4f1ffffff,1.3513513513513513
18,18,871f1d4f1ffffff,1.1851851851851851
19,19,871f1d4f1ffffff,1.2
20,20,871f1d4f1ffffff,1.0
21,21,871f1d4f1ffffff,1.2692307692307692
22,22,871f1d4f1ffffff,1.4
23,23,871f1d4f1ffffff,1.1666666666666667
0,0,871f1d4f2ffffff,8.525252525252526
1,1,871f1d4f2ffffff,5.41
2,2,871f1d4f2ffffff,4.0344827586206895
3,3,871f1d4f2ffffff,2.943820224719101
4,4,871f1d4f2ffffff,3.2551020408163267
5,5,871f1d4f2ffffff,4.112244897959184
6,6,871f1d4f2ffffff,6.204081632653061
7,7,871f1d4f2ffffff,9.787878787878787
8,8,871f1d4f2ffffff,11.66
9,9,871f1d4f2ffffff,10.23
10,10,871f1d4f2ffffff,9.37
11,11,871f1d4f2ffffff,9.757575757575758
12,12,871f1d4f2ffffff,10.616161616161616
13,13,871f1d4f2ffffff,10.646464646464647
14,14,871f1d4f2ffffff,11.232323232323232
15,15,871f1d4f2ffffff,12.554455445544555
16,16,871f1d4f2ffffff,14.28
17,17,871f1d4f2ffffff,16.792079207920793
18,18,871f1d4f2ffffff,21.128712871287128
19,19,871f1d4f2ffffff,22.93069306930693
20,20,871f1d4f2ffffff,19.0
21,21,871f1d4f2ffffff,17.51
22,22,871f1d4f2ffffff,16.217821782178216
23,23,871f1d4f2ffffff,11.851485148514852
0,0,871f1d4f3ffffff,1.6538461538461537
1,1,871f1d4f3ffffff,1.4634146341463414
2,2,871f1d4f3ffffff,1.2
3,3,871f1d4f3ffffff,1.5555555555555556
4,4,871f1d4f3ffffff,1.5263157894736843
5,5,871f1d4f3ffffff,1.59375
6,6,871f1d4f3ffffff,1.8767123287671232
7,7,871f1d4f3ffffff,2.4871794871794872
8,8,871f1d4f3ffffff,3.2604166666666665
9,9,871f1d4f3ffffff,2.7011494252873565
10,10,871f1d4f3ffffff,2.5180722891566263
11,11,871f1d4f3ffffff,2.5641025641025643
12,12,871f1d4f3ffffff,2.2808988764044944
13,13,871f1d4f3ffffff,2.242424242424242
14,14,871f1d4f3ffffff,2.383720930232558
15,15,871f1d4f3ffffff,2.550561797752809
16,16,871f1d4f3ffffff,2.606741573033708
17,17,871f1d4f3ffffff,3.0319148936170213
18,18,871f1d4f3ffffff,3.1354166666666665
19,19,871f1d4f3ffffff,3.120879120879121
20,20,871f1d4f3ffffff,2.7872340425531914
21,21,871f1d4f3ffffff,2.3209876543209877
22,22,871f1d4f3ffffff,1.904109589041096
23,23,871f1d4f3ffffff,1.796875
0,0,871f1d4f4ffffff,1.2
1,1,871f1d4f4ffffff,1.3333333333333333
2,2,871f1d4f4ffffff,1.0909090909090908
3,3,871f1d4f4ffffff,1.3529411764705883
4,4,871f1d4f4ffffff,1.2
5,5,871f1d4f4ffffff,1.1666666666666667
6,6,871f1d4f4ffffff,1.5593220338983051
7,7,871f1d4f4ffffff,1.5
8,8,871f1d4f4ffffff,1.6041666666666667
9,9,871f1d4f4ffffff,1.6333333333333333
10,10,871f1d4f4ffffff,1.6779661016949152
11,11,871f1d4f4ffffff,1.462962962962963
12,12,871f1d4f4ffffff,1.5961538461538463
13,13,871f1d4f4ffffff,1.7254901960784315
14,14,871f1d4f4ffffff,1.7547169811320755
15,15,871f1d4f4ffffff,1.639344262295082
16,16,871f1d4f4ffffff,1.5614035087719298
17,17,871f1d4f4ffffff,1.9508196721311475
18,18,871f1d4f4ffffff,1.5454545454545454
19,19,871f1d4f4ffffff,1.46875
20,20,871f1d4f4ffffff,1.6727272727272726
21,21,871f1d4f4ffffff,1.5490196078431373
22,22,871f1d4f4ffffff,1.4651162790697674
23,23,871f1d4f4ffffff,1.6666666666666667
0,0,871f1d4f6ffffff,3.367816091954023
1,1,871f1d4f6ffffff,2.763888888888889
2,2,871f1d4f6ffffff,2.3733333333333335
3,3,871f1d4f6ffffff,2.506849315068493
4,4,871f1d4f6ffffff,1.9125
5,5,871f1d4f6ffffff,2.6989247311827955
6,6,871f1d4f6ffffff,3.9148936170212765
7,7,871f1d4f6ffffff,5.885416666666667
8,8,871f1d4f6ffffff,6.05050505050505
9,9,871f1d4f6ffffff,5.414141414141414
10,10,871f1d4f6ffffff,4.826530612244898
11,11,871f1d4f6ffffff,4.540816326530612
12,12,871f1d4f6ffffff,4.76530612244898
13,13,871f1d4f6ffffff,4.73469387755102
14,14,871f1d4f6ffffff,4.98
15,15,871f1d4f6ffffff,4.782178217821782
16,16,871f1d4f6ffffff,5.848484848484849
17,17,871f1d4f6ffffff,7.03
18,18,871f1d4f6ffffff,8.831683168316832
19,19,871f1d4f6ffffff,9.227722772277227
20,20,871f1d4f6ffffff,7.871287128712871
21,21,871f1d4f6ffffff,6.575757575757576
22,22,871f1d4f6ffffff,6.595959595959596
23,23,871f1d4f6ffffff,4.05050505050505
